respondent_id,score,feedback,nps_reason_primary,nps_reason_secondary,primary_category,plan_type,city,tenure_days,source,sprint_id,sprint_start
9b5e0a227141,0,Net acha nhi chlta ab,General Bad Service,,,Verma,,0,WA,Sprint RSP2,2026-02-16
961ac962d402,10,,,,,Verma,,0,WA,Sprint RSP2,2026-02-16
94a841e10963,10,,,,,Verma,,0,CT,Sprint RSP2,2026-02-16
36b725bf70c5,10,,,,,Verma,,0,CT,Sprint RSP2,2026-02-16
d35adcaee666,10,,,,,Verma,,0,WA,Sprint RSP2,2026-02-16
a2a72a353933,0,NET sahi nahin chal ta,General Bad Service,,,Verma,,0,WA,Sprint RSP2,2026-02-16
74c6faa31b02,4,Kuki ab phle se mega hai aur sarvice bhi achi nhi hai,Expensive,General Bad Service,,Verma,,0,WA,Sprint RSP2,2026-02-16
1ce4be253e2d,9,Salon Internet working every time slow internetcfvvvhhnnnnnnnnnnnnnnn,Slow Speed,,,Verma,,0,CT,Sprint RSP2,2026-02-16
e514ef8c617b,0,,,,,Verma,,0,CT,Sprint RSP2,2026-02-16
67ea26ea3ff9,10,,,,,Verma,,0,CT,Sprint RSP2,2026-02-16
e264566e1aab,6,Service,General Bad Service,,,Verma,,0,WA,Sprint RSP2,2026-02-16
9768ec21c1c9,10,Behtar network custamar servise ek no1,Good customer Support - call centre,,,Verma,,0,WA,Sprint RSP2,2026-02-16
4f31bda3c729,0,App pr kuch nhi dikhta,Bad Application,,,Verma,,0,WA,Sprint RSP2,2026-02-16
0f2d95811332,10,,,,,Verma,,0,CT,Sprint RSP2,2026-02-16
e7b39d37b703,8,,,,,Verma,,0,WA,Sprint RSP2,2026-02-16
076465dd5777,10,Wiom net badiya and best wifi ha and khabhi khabhi net chala jata ha but achi service ha inki and net acha se do thanks wiom,General Good Service,,,Verma,,0,WA,Sprint RSP2,2026-02-16
123b0212f9f5,2,"The net runs very lightly... if you put a movie on it, it does not run at all, at least the bass reel should run, nothing else... the reason for giving number 2 is that Wi-Fi's net is a bit cheap.",Slow Speed,,,Verma,,0,WA,Sprint RSP2,2026-02-16
c17ff4cd2f06,10,,,,,Verma,,0,CT,Sprint RSP2,2026-02-16
a7aef1a43acb,10,Wifi ke service achi h,General Good Service,,,Verma,,0,WA,Sprint RSP2,2026-02-16
9ad23ed2cb50,10,,,,,Verma,,0,CT,Sprint RSP2,2026-02-16
c064dee219b7,4,"Very poor Service
 Your network goes down every week ðŸ‘Ž",Frequent Disconnections,,,Verma,,0,WA,Sprint RSP2,2026-02-16
84db805e98c0,10,Service good,General Good Service,,,Verma,,0,WA,Sprint RSP2,2026-02-16
0215122e16fe,10,,,,,Verma,,0,CT,Sprint RSP2,2026-02-16
fe76c075ee69,0,,,,,Verma,,0,CT,Sprint RSP2,2026-02-16
1b567a7ff889,3,Bar bar buffering hona or signal ka jana call karne par kuch der theek rahna or fir se signal na aana,Slow Speed,,,Verma,,0,CT,Sprint RSP2,2026-02-16
3e67e541cff0,10,,,,,Verma,,0,CT,Sprint RSP2,2026-02-16
24f640f89533,10,,,,,Verma,,0,CT,Sprint RSP2,2026-02-16
b6372b61b138,0,"Slow net every time, range also low coving. Expensive from other vendor.",Slow Speed,,,Verma,,0,WA,Sprint RSP2,2026-02-16
0f47951504c3,10,,,,,Verma,,0,CT,Sprint RSP2,2026-02-16
8a7b97645e19,0,Thik nahi chalta,General Bad Service,,,Verma,,0,WA,Sprint RSP2,2026-02-16
fb8fcccc415e,3,Net bich bich Mai nahi chalta hai or abhi bhi nahi chalra hai mere Ghar Mai ye khena hai ki hum wiom ka net hatwa denge agr asi hi Hota raha toh,Frequent Disconnections,,,Verma,,0,WA,Sprint RSP2,2026-02-16
8e401bfb2173,5,Net bahut slow chal raha hai raat ko to or bhi slow ho jata hai,Slow Speed,,,Verma,,0,WA,Sprint RSP2,2026-02-16
14445e889d4d,1,,,,,Verma,,0,CT,Sprint RSP2,2026-02-16
d4068085a70e,10,,,,,Verma,,0,CT,Sprint RSP2,2026-02-16
b103f0fe9104,0,kabhi net chlta ha kabhi band ho jata ha apne ap ab to itne dikket aane lge ha bhott he jayda,Frequent Disconnections,,,Verma,,0,WA,Sprint RSP2,2026-02-16
8f69763ad689,3,"Baar baar band ho jata 
 Raat ko 10 baja ke baad band hojata 
 Aur kuch concession nhi milta ha",Frequent Disconnections,No/Late Complaint Resolution,,Verma,,0,WA,Sprint RSP2,2026-02-16
0fbc3d363bcd,5,Internet Ruk Ruk ke chalta hai,Slow Speed,,,Verma,,0,CT,Sprint RSP2,2026-02-16
a3a75e6413b2,1,,,,,Verma,,0,WA,Sprint RSP2,2026-02-16
98eb921e1a11,3,,,,,Verma,,0,CT,Sprint RSP2,2026-02-16
8bf4e3c321cc,10,Ham aur unki batayenge ki wiom net no 1 net hai,General Good Service,,,Verma,,0,WA,Sprint RSP2,2026-02-16
03b1c6e31db9,10,Nice,General Good Service,,,Verma,,0,WA,Sprint RSP2,2026-02-16
7620b42f6c07,0,Your service is not good,General Bad Service,,,Verma,,0,WA,Sprint RSP2,2026-02-16
77a28739507d,0,Poor service,General Bad Service,,,Verma,,0,CT,Sprint RSP2,2026-02-16
798c4c104c80,5,Internet cuttings too much connection,Frequent Disconnections,,,Verma,,0,CT,Sprint RSP2,2026-02-16
86795ee16a25,0,,,,,Verma,,0,CT,Sprint RSP2,2026-02-16
8de965bb757d,10,Service,General Good Service,,,Verma,,0,CT,Sprint RSP2,2026-02-16
43b97fe30930,0,Slow speed,Slow Speed,,,Verma,,0,WA,Sprint RSP2,2026-02-16
d800de73a29c,7,,,,,Verma,,0,WA,Sprint RSP2,2026-02-16
e47bcf60ec02,10,,,,,Verma,,0,CT,Sprint RSP2,2026-02-16
605d8be2f920,0,,,,,Verma,,0,CT,Sprint RSP2,2026-02-16
b77ab153be03,0,Month ke 10 din khrb rehta hai baki time speed itni slow rehti hai.. bekar hai hm bhi change krenge is month or sbko mna hi krenge ki service achi nhi hai 575 rupee mai koi or lgvayenge achi service dega,Expensive,Slow Speed,,Verma,,0,WA,Sprint RSP2,2026-02-16
0d5316abdf2c,10,,,,,Verma,,0,CT,Sprint RSP2,2026-02-16
2312b13c74a1,0,Hmara net aaj bhi bandh pda hai. Har mahine me 4-5 din net band rhta hai. Complaint pe complaint krte rho . Koi solution nhi hota. 4 din lga dete hai thik karne me. Kisi ki meeting ho ya kuch bhi,Frequent Disconnections,,,Verma,,0,CT,Sprint RSP2,2026-02-16
5332d8bd9357,8,Network fast no problem with speed,Good Speed,,,Verma,,0,WA,Sprint RSP2,2026-02-16
6749a0f39db7,0,"“नहीं, क्योंकि ये नेटवर्क बहुत धीमा चलता है।”",Slow Speed,,,Verma,,0,WA,Sprint RSP2,2026-02-16
cd8129f8418d,0,Vyom company Sabse Badi madrachod company hai,General Bad Service,,,Verma,,0,CT,Sprint RSP2,2026-02-16
01af48a62299,0,,,,,Verma,,0,WA,Sprint RSP2,2026-02-16
d20dc03f7f01,0,Har mahine mujhe 4-5 baar complaint karni padti hai ki wifi nhi chal raha,Frequent Disconnections,,,Verma,,0,WA,Sprint RSP2,2026-02-16
8d364cbc6077,0,Bekar,General Bad Service,,,Verma,,0,CT,Sprint RSP2,2026-02-16
f6ed566a018e,1,Speed aur net sahi se chale,Slow Speed,,,Verma,,0,WA,Sprint RSP2,2026-02-16
0f1f33c96baa,0,,,,,Verma,,0,CT,Sprint RSP2,2026-02-16
a9c65576c2cb,1,,,,,Verma,,0,CT,Sprint RSP2,2026-02-16
038645d1d091,10,,,,,Verma,,0,CT,Sprint RSP2,2026-02-16
f0a2e047e92a,10,,,,,Verma,,0,CT,Sprint RSP2,2026-02-16
f5ab38aea0f8,8,Bich bich me problem aati h net nahi chalta h,General Bad Service,,,Verma,,0,CT,Sprint RSP2,2026-02-16
038f6e6ad471,10,Achcha,General Good Service,,,Verma,,0,WA,Sprint RSP2,2026-02-16
be373cff7005,2,,,,,Verma,,0,CT,Sprint RSP2,2026-02-16
1fd4b68e57b9,4,Speed kam h bs,Slow Speed,,,Verma,,0,WA,Sprint RSP2,2026-02-16
56588d8015df,10,,,,,Verma,,0,CT,Sprint RSP2,2026-02-16
d7620db2fe05,10,â‚¹500 bhejo chhut milati hai,Affordable,,,Verma,,0,WA,Sprint RSP2,2026-02-16
8ae278526b0c,10,Aap ki service,General Good Service,,,Verma,,0,WA,Sprint RSP2,2026-02-16
a17cae4c8957,0,Koi update time per nhi milti network issue bhi rehta hai 10 hours Tak koi phone bhi nhi pick kerta,No/Late Complaint Resolution,Bad Customer Support - Call Centre ,,Verma,,0,WA,Sprint RSP2,2026-02-16
98f1815f68ab,0,"क्योंकि नेटवर्क की समस्या हमेशा होती रहती है, इसलिए मैं कभी नहीं कहूँगा कि आप Wiom का नेटवर्क लगवा लें। मैं भी ईद के बाद इसे हटवा दूँगा, क्योंकि Wiom की सेवा अच्छी नहीं है।",Frequent Disconnections,,,Verma,,0,CT,Sprint RSP2,2026-02-16
c8a4d788ba7c,10,,,,,Verma,,0,CT,Sprint RSP2,2026-02-16
fe4bd6e24684,5,,,,,Verma,,0,WA,Sprint RSP2,2026-02-16
cfe90c58a495,8,,,,,Verma,,0,WA,Sprint RSP2,2026-02-16
efa0d01561b3,0,Monthly km se km 3-4 baar issues aate h wifi speed or wifi ka shi se work na Krna.. baki thode thode dino m router pe red light blink krti h hmesha jisse wifi chlna bnd hojata h isliye m bilkul ye lgavane ko mna krunga or agar ye in future theek hojata h sb to m jarur kosis krunga ki sbko bolu ye wiom lgvaye aapne gharo m,Frequent Disconnections,Slow Speed,,Verma,,0,CT,Sprint RSP2,2026-02-16
232599ad8a12,0,,,,,Verma,,0,WA,Sprint RSP2,2026-02-16
269cda6a3b0e,3,Net not proper,General Bad Service,,,Verma,,0,WA,Sprint RSP2,2026-02-16
8dbb8a4255c9,10,Super service,General Good Service,,,Verma,,0,WA,Sprint RSP2,2026-02-16
c4a2935c6785,10,,,,,Verma,,0,CT,Sprint RSP2,2026-02-16
58475a29c52a,7,,,,,Verma,,0,WA,Sprint RSP2,2026-02-16
9e2072666e48,7,,,,,Verma,,0,WA,Sprint RSP2,2026-02-16
6c3561420f18,9,,,,,Verma,,0,CT,Sprint RSP2,2026-02-16
0b5dbdfb4b18,10,,,,,Verma,,0,CT,Sprint RSP2,2026-02-16
a6b0dd6fdd83,5,Yah score Dene ki yah vajah hai ki net bahut achcha chalta hai,General Good Service,,,Verma,,0,WA,Sprint RSP2,2026-02-16
bcd6f7e18382,0,,,,,Verma,,0,CT,Sprint RSP2,2026-02-16
a348a0e6f909,10,Network problem nhi hoti service achi h agr koi issue aata h to jldi s jldi thik kr diya jata h,Fast Complaint Resolution,,,Verma,,0,WA,Sprint RSP2,2026-02-16
627bf47a9428,4,"Budget friendly h wiom isiliye me suggest karunga lgwa skte h but ,still wiom need to improve strength of network so customers can use it anytime.... without any glitch.......! Every month I face technical issues.... related network so that is bad thing about wiom.",General Bad Service,Affordable,,Verma,,0,WA,Sprint RSP2,2026-02-16
ef9919c39ad7,0,Poor net speed,Slow Speed,,,Verma,,0,WA,Sprint RSP2,2026-02-16
82c9b35abd2c,3,Speed sahi ni hai,Slow Speed,,,Verma,,0,WA,Sprint RSP2,2026-02-16
372bb186aa8a,2,,,,,Verma,,0,WA,Sprint RSP2,2026-02-16
eefe0954cd3a,10,,,,,Verma,,0,CT,Sprint RSP2,2026-02-16
72b3a6eed98d,10,Excellent,General Good Service,,,Verma,,0,WA,Sprint RSP2,2026-02-16
02f296d5fc7b,10,,,,,Verma,,0,CT,Sprint RSP2,2026-02-16
f689f4ce4551,5,"“कभी नेट चलता है, कभी नहीं।”",Frequent Disconnections,,,Verma,,0,WA,Sprint RSP2,2026-02-16
ab9794d9b942,10,,,,,Verma,,0,CT,Sprint RSP2,2026-02-16
80010d6e3427,9,Service,General Good Service,,,Verma,,0,WA,Sprint RSP2,2026-02-16
304ffa6c6ad7,10,No tenshan,General Good Service,,,Verma,,0,CT,Sprint RSP2,2026-02-16
0cbb4e591f9b,3,Lucky' number,,,,Verma,,0,WA,Sprint RSP2,2026-02-16
30490db08360,10,,,,,Verma,,0,CT,Sprint RSP2,2026-02-16
30a9dad6afc9,5,Network problem bhi rehti hai,General Bad Service,,,Verma,,0,WA,Sprint RSP2,2026-02-16
dde81e525e79,10,अच्छा व्यवहार और अच्छा इंटरनेट।,General Good Service,,,Verma,,0,WA,Sprint RSP2,2026-02-16
237c03b17638,10,,,,,Verma,,0,CT,Sprint RSP2,2026-02-16
5964753ee906,9,,,,,Verma,,0,CT,Sprint RSP2,2026-02-16
4508cf3e8b47,10,,,,,Verma,,0,WA,Sprint RSP2,2026-02-16
62514cba4733,8,"The internet speed is satisfactory; however, the service requires improvement. There are frequent disconnections, which impact productivity. Request you to resolve the stability issue at the earliest.",Slow Speed,Frequent Disconnections,,Verma,,0,WA,Sprint RSP2,2026-02-16
a4aaa1fde3ea,0,"Net ki speed aur connection very poor.
 Before 2 days , net connection is not active .
 Only 4 lights blink",Slow Speed,,,Verma,,0,CT,Sprint RSP2,2026-02-16
6e5c8604ac1d,0,Bar bar band hona jara si Barish ya tufan aaya or net band ho jata h,Frequent Disconnections,,,Verma,,0,WA,Sprint RSP2,2026-02-16
e583a8b0ff97,0,Net ki problem mostly har month hoti hai and range bahut kam hai ground floor walon ka upar chlta mere jabki mera mere floor pe hi nhi chalta,General Bad Service,Range Issue,,Verma,,0,CT,Sprint RSP2,2026-02-16
b0c1a2cd58c5,6,range of wifi is very less,Range Issue,,,Verma,,0,WA,Sprint RSP2,2026-02-16
bd31ad94de2d,0,"Network bar bar chle jate h phir customer care p call kro to wo khte h 24 ghnte m samadhan hoga agr hme emergency ho to phir hum to atk jaynge n aapke 24 hour k service m aur kabhi kbhar hi 24 ghnte k ander network aate h warna 2dim to hr bar ka h 2din tk bnd rhta h net aur m dusro ko tb slah dunga n lgawane ko jb m khud chlaunga m recharge khtm hote hi wiom k router ko hta dunga aur dusre wifi ki trf jaunga 
  
 Thankyou",Frequent Disconnections,No/Late Complaint Resolution,,Verma,,0,WA,Sprint RSP2,2026-02-16
66edccd3c9eb,9,Ji ha,General Good Service,,,Verma,,0,WA,Sprint RSP2,2026-02-16
afae770c7fe9,5,,,,,Verma,,0,CT,Sprint RSP2,2026-02-16
fe9f0cdf3daf,10,,,,,Verma,,0,CT,Sprint RSP2,2026-02-16
70b2416eabfc,10,Good,General Good Service,,,Verma,,0,CT,Sprint RSP2,2026-02-16
518c694ebde5,10,Good internet speed,Good Speed,,,Verma,,0,WA,Sprint RSP2,2026-02-16
f351d8941572,10,,,,,Verma,,0,CT,Sprint RSP2,2026-02-16
9c0ad7e63225,10,Great network,General Good Service,,,Verma,,0,WA,Sprint RSP2,2026-02-16
8ba7b4eb36e7,5,Slow chalta hai,Slow Speed,,,Verma,,0,WA,Sprint RSP2,2026-02-16
5f8aad7a3c26,0,This net not support my LED samrt Tv,,,,Verma,,0,WA,Sprint RSP2,2026-02-16
25f38398c1f7,10,"रफ्तार अच्छी है, ऑटो पे पर डिस्काउंट मिलता है।
घर पर भी लगवाने की सोच रहा हूँ।",Good Speed,Affordable,,Verma,,0,CT,Sprint RSP2,2026-02-16
c2cfea8db6b3,10,सर्विस अच्छी है।,General Good Service,,,Verma,,0,CT,Sprint RSP2,2026-02-16
7191e1fc4fbd,0,0 bad service,General Bad Service,,,Verma,,0,CT,Sprint RSP2,2026-02-16
9a9e02ab4c0f,0,,,,,Verma,,0,WA,Sprint RSP2,2026-02-16
5748f311445e,10,Unlimited service,General Good Service,,,Verma,,0,WA,Sprint RSP2,2026-02-16
f9cbd6b98a07,10,Price,Affordable,,,Verma,,0,WA,Sprint RSP2,2026-02-16
edf03c42cc62,10,"Fast internet 
 Fast problem solve",Fast Complaint Resolution,Good Speed,,Verma,,0,WA,Sprint RSP2,2026-02-16
05ba4d44e8ed,10,Is good,General Good Service,,,Verma,,0,WA,Sprint RSP2,2026-02-16
9005f1d7acdd,10,,,,,Verma,,0,WA,Sprint RSP2,2026-02-16
62a0aeb9107e,10,,,,,Verma,,0,CT,Sprint RSP2,2026-02-16
952365339c2d,10,I am Interested.,General Good Service,,,Verma,,0,CT,Sprint RSP2,2026-02-16
5f04a6e67e8f,5,,,,,Verma,,0,WA,Sprint RSP2,2026-02-16
bc3f850b3014,0,Net plan bahut mahanga hai,Expensive,,,Verma,,0,WA,Sprint RSP2,2026-02-16
cc744adf640c,10,Badiya chalta h red batti par bhi kahi bar apne ap sahi ho jata h,General Good Service,,,Verma,,0,WA,Sprint RSP2,2026-02-16
349d5fc54e0f,1,You should give some ott subscription with your connection,"OTT Request, No OTT complaint",,,Verma,,0,WA,Sprint RSP2,2026-02-16
51bb8fdd28af,6,6 score is wajhe se diya hai maine kyu ki har mahine ki 6 taarik ko aapka net band ho jaata hai,General Bad Service,,,Verma,,0,WA,Sprint RSP2,2026-02-16
eeff3963a352,0,Network issue time time par wifi band ho jata hai,Frequent Disconnections,,,Verma,,0,WA,Sprint RSP2,2026-02-16
6759b4a9b8a8,8,"Service needs improvement before every cut or service down done in order to repair, company should inform in advance at least 2 hours before not just cut it whenever want to.",Frequent Disconnections,,,Verma,,0,WA,Sprint RSP2,2026-02-16
ad0613c7ef3a,2,,,,,Verma,,0,CT,Sprint RSP2,2026-02-16
9b9b3053f25a,10,Achi network hai,General Good Service,,,Verma,,0,WA,Sprint RSP2,2026-02-16
21c3809af331,1,"Thik thak hi hai kabhi kabar net ki speed slow chalti hai wese thik hai 
 Aacha hai wiom wifi",Slow Speed,,,Verma,,0,WA,Sprint RSP2,2026-02-16
3f99379cb058,10,स्पीड बहुत अच्छी है और सर्विस भी बहुत अच्छी है।,Good Speed,General Good Service,,Verma,,0,WA,Sprint RSP2,2026-02-16
8994a532f177,5,Wiom sahi hai but coverage kam hai,Range Issue,,,Verma,,0,WA,Sprint RSP2,2026-02-16
6fcccd66f36a,10,Okh,General Good Service,,,Verma,,0,CT,Sprint RSP2,2026-02-16
d75bfbbc95f1,6,Internet works slow many times.,Slow Speed,,,Verma,,0,CT,Sprint RSP2,2026-02-16
7be3f2094bc8,2,Network me Boht bar dikkat aayi hai kabhi kabhi show bhi chalne lg jata haii isliye,Slow Speed,,,Verma,,0,CT,Sprint RSP2,2026-02-16
fcb730951a14,2,,,,,Verma,,0,CT,Sprint RSP2,2026-02-16
635c52f46ce7,10,Solution jaldi solve hota h,Fast Complaint Resolution,,,Verma,,0,WA,Sprint RSP2,2026-02-16
07baaeb52f2f,10,Vyom ka network Achcha work karta hai,General Good Service,,,Verma,,0,WA,Sprint RSP2,2026-02-16
ef3160cc76ae,0,Mera net 15 deen se band thah par koi aaya nhi usko theek karne ke liye or aap ne utne deen ka pesa liya hai,No/Late Complaint Resolution,,,Verma,,0,CT,Sprint RSP2,2026-02-16
6b606a9131d3,10,Vyom badhiya chalta hai Sabse sasta Hai budget mein hai,Affordable,,,Verma,,0,CT,Sprint RSP2,2026-02-16
66fd58a12d2c,7,"Kabhi kabhi thodi problem de deta hai ( kabhi chalna band ho jata hai , kabhi ruk jata hai , kabhi speed hi nahi deta , kabhi halka sha door jao to chalta nahi etc etc )",General Bad Service,,,Verma,,0,WA,Sprint RSP2,2026-02-16
d99f00745e42,10,,,,,Verma,,0,CT,Sprint RSP2,2026-02-16
9eee7ead8180,10,Cheap rate,Affordable,,,Verma,,0,WA,Sprint RSP2,2026-02-16
72f8cc3d0fca,10,Sharvish achi h,General Good Service,,,Verma,,0,CT,Sprint RSP2,2026-02-16
0f5c7b0f6213,0,Net dhire chalta hai,Slow Speed,,,Verma,,0,WA,Sprint RSP2,2026-02-16
c79d6d754ca9,6,Every month tecnical issue net problem,Frequent Disconnections,,,Verma,,0,WA,Sprint RSP2,2026-02-16
e7493740e37b,1,"मैं अगले महीने से किसी और कंपनी का इंटरनेट लगवाऊँगा।
ऑटो पे भी दोबारा शुरू नहीं हो पा रहा है।",Bad Application,,,Verma,,0,CT,Sprint RSP2,2026-02-16
d7b0c7c49753,4,Network problem and no resolution of complaints,General Bad Service,No/Late Complaint Resolution,,Verma,,0,WA,Sprint RSP2,2026-02-16
7282c6db7a05,0,"“5G अच्छा है और 4G बेकार है इसलिए अब नहीं लगाएंगे, आपकी सर्विस बेकार है।”",General Bad Service,,,Verma,,0,WA,Sprint RSP2,2026-02-16
5164212f0e8b,10,सब कुछ अच्छा है।,General Good Service,,,Verma,,0,WA,Sprint RSP2,2026-02-16
f2ae2de2c767,9,Better network,General Good Service,,,Verma,,0,WA,Sprint RSP2,2026-02-16
f4ec400aaad8,7,,,,,Verma,,0,CT,Sprint RSP2,2026-02-16
57524de2acb5,0,"Bad network, bad internet",General Bad Service,,,Verma,,0,WA,Sprint RSP2,2026-02-16
351949cfddae,10,Network acha h,General Good Service,,,Verma,,0,WA,Sprint RSP2,2026-02-16
f7c7c1e4a949,0,,,,,Verma,,0,CT,Sprint RSP2,2026-02-16
5f068c8bc9f0,1,Ha,,,,Verma,,0,WA,Sprint RSP2,2026-02-16
ae607b0a660d,5,,,,,Verma,,0,CT,Sprint RSP2,2026-02-16
5ae6217503a0,10,Shi he,General Good Service,,,Verma,,0,WA,Sprint RSP2,2026-02-16
5fcd143650b0,0,Ghar ka net thik s nahi chalta pahle 50 MBPS ki speed Thi usko Maine 100 MBPS karaya fir bhi theek nahin chalta isliye main agale mahine vyom ka net hatwa dunga,Slow Speed,,,Verma,,0,CT,Sprint RSP2,2026-02-16
0c5c1af8e43c,10,Kyoki ye free hai only you pay to recharge no more,Affordable,,,Verma,,0,WA,Sprint RSP2,2026-02-16
3e86807bd255,1,Plan little bit costly than other internet provider.,Expensive,,,Verma,,0,WA,Sprint RSP2,2026-02-16
9fb32b6d0711,0,Payment receipt not present in apk,Bad Application,,,Verma,,0,WA,Sprint RSP2,2026-02-16
1b7e02359f1e,0,Net kaam nhi krta koi complan ki sunvai nhi h,No/Late Complaint Resolution,,,Verma,,0,WA,Sprint RSP2,2026-02-16
f57de2d688d0,0,Because aapki seva achi nhi hh,General Bad Service,,,Verma,,0,WA,Sprint RSP2,2026-02-16
168d01d26f40,8,"Recharge karne me bahut dikkat aati hai 
 Bar bar fail ho jata hai recharge",Bad Application,,,Verma,,0,WA,Sprint RSP2,2026-02-16
d6b10243f321,0,response speed,Slow Speed,,,Verma,,0,CT,Sprint RSP2,2026-02-16
8855e587b931,10,,,,,Verma,,0,CT,Sprint RSP2,2026-02-16
6eb787e4331b,7,"Stop working frequently 
 Some time speed weak",Frequent Disconnections,Slow Speed,,Verma,,0,WA,Sprint RSP2,2026-02-16
18619cf284a8,0,28 din ka recharge,28-Day Plan Issue,,,Verma,,0,CT,Sprint RSP2,2026-02-16
c14bb204c74e,10,"सही है, बढ़िया है।
हमारा नया घर बन रहा है, उसमें भी यही लगवाएँगे।",General Good Service,,,Verma,,0,WA,Sprint RSP2,2026-02-16
c5fb74b29b53,10,,,,,Verma,,0,CT,Sprint RSP2,2026-02-16
1ee501719858,10,,,,,Verma,,0,CT,Sprint RSP2,2026-02-16
dce3707d4d6a,0,,,,,Verma,,0,WA,Sprint RSP2,2026-02-16
b58ee42c6b99,10,,,,,Verma,,0,CT,Sprint RSP2,2026-02-16
b12bef7a1da6,10,"Good service, nice assistance, speed is also good",Good Speed,,,Verma,,0,WA,Sprint RSP2,2026-02-16
d57569c17d66,10,,,,,Verma,,0,CT,Sprint RSP2,2026-02-16
d961dcf13e61,10,Low cost conection very good service very good,General Good Service,,,Verma,,0,WA,Sprint RSP2,2026-02-16
b2778e8e3c21,7,Kai baar net ache se nhi chlata,General Bad Service,,,Verma,,0,WA,Sprint RSP2,2026-02-16
affa42f4865b,5,,,,,Verma,,0,CT,Sprint RSP2,2026-02-16
71d8b22cf827,10,,,,,Verma,,0,CT,Sprint RSP2,2026-02-16
204404b02d29,10,Good service,General Good Service,,,Verma,,0,WA,Sprint RSP2,2026-02-16
5ca86ea0d9dd,10,,,,,Verma,,0,CT,Sprint RSP2,2026-02-16
e70e3e535694,4,,,,,Verma,,0,WA,Sprint RSP2,2026-02-16
0f79d95e9c09,0,,,,,Verma,,0,WA,Sprint RSP2,2026-02-16
7d97ac359ee4,10,Koi dikkat nhi mili aaj tak,General Good Service,,,Verma,,0,WA,Sprint RSP2,2026-02-16
5ccddc1593b1,10,Unlimited net,General Good Service,,,Verma,,0,CT,Sprint RSP2,2026-02-16
2a8ef59ce4ac,0,,,,,Verma,,0,CT,Sprint RSP2,2026-02-16
511c423e223c,1,Not suggest wiom becoz third class service and network and still facing issue,General Bad Service,,,Verma,,0,CT,Sprint RSP2,2026-02-16
dc7e0518ffae,9,Service,General Good Service,,,Verma,,0,CT,Sprint RSP2,2026-02-16
d66ea82f2568,8,,,,,Verma,,0,CT,Sprint RSP2,2026-02-16
80571b00badf,10,It is good in service,General Good Service,,,Verma,,0,WA,Sprint RSP2,2026-02-16
7eca842b7f67,10,,,,,Verma,,0,CT,Sprint RSP2,2026-02-16
bfa2ed652627,0,Net har thodi der may band ho jata hai phone karnay par local or company ka dwara service nhi mil pati,Frequent Disconnections,Bad Customer Support - Call Centre ,,Verma,,0,WA,Sprint RSP2,2026-02-16
338ded4576ed,1,Ap please apna wiom ka app pehle jaisa kijiye kyo ki us main kuch pata nahi chlta kitna time reha gya hai recharge ko na hi koi date show karta hai,Bad Application,,,Verma,,0,WA,Sprint RSP2,2026-02-16
e0cb72918cdb,4,Net achha ha but daily koi na koi problem hoti rehti ha kabi 5G nahi ata toh kabhi 2g nahi ata ha kabhi net hi nahi ata ha bs ye hi problem ha,General Bad Service,,,Verma,,0,WA,Sprint RSP2,2026-02-16
501c03c431a9,10,Bast,General Good Service,,,Verma,,0,WA,Sprint RSP2,2026-02-16
4f1645244385,10,Best service,General Good Service,,,Verma,,0,WA,Sprint RSP2,2026-02-16
d4169aa70908,10,,,,,Verma,,0,CT,Sprint RSP2,2026-02-16
065e68839ef2,8,Acchi service,Good Speed,,,Verma,,0,CT,Sprint RSP2,2026-02-16
7c5ad3897a74,10,,,,,Verma,,0,CT,Sprint RSP2,2026-02-16
001dee9acb3c,1,“नेट बहुत बढ़िया चलता है।”,General Good Service,,,Verma,,0,WA,Sprint RSP2,2026-02-16
b2b79bf45e91,10,Good,General Good Service,,,Verma,,0,CT,Sprint RSP2,2026-02-16
94f8d5953b0e,7,Vajah yeh hai ki kai baar slow ho jata hai network morning me hi,Slow Speed,,,Verma,,0,WA,Sprint RSP2,2026-02-16
f1aa2cc3b4f4,0,Not working every time,Frequent Disconnections,,,Verma,,0,WA,Sprint RSP2,2026-02-16
d3655928de74,0,“सबसे बेकार सर्विस।”,General Bad Service,,,Verma,,0,WA,Sprint RSP2,2026-02-16
4b8c647864b9,10,,,,,Verma,,0,WA,Sprint RSP2,2026-02-16
782a50f9c32d,10,Internet speed acchi hai proper chalta hai Koi issue jaldi aata nahin aata bhi hai to fatak se solve ho jata hai,Good Speed,Fast Complaint Resolution,,Verma,,0,WA,Sprint RSP2,2026-02-16
8f4c402df15a,0,"Internet break many time in a day, less range not expected, app available only android not on ios, recharge only do via apk not online website,less internet speed 500 me 50 mbps other local network provide 200 mbps, totally wasted",Expensive,Slow Speed,,Verma,,0,WA,Sprint RSP2,2026-02-16
33c75e719426,9,Ok hai,General Good Service,,,Verma,,0,WA,Sprint RSP2,2026-02-16
b822efe705ec,0,Bekar service hai,General Bad Service,,,Verma,,0,CT,Sprint RSP2,2026-02-16
22ed6b0fbe62,2,Slow internet,Slow Speed,,,Verma,,0,WA,Sprint RSP2,2026-02-16
15c6a5a77c23,10,,,,,Verma,,0,CT,Sprint RSP2,2026-02-16
a9703785accb,10,Sasta Aur Acha,Affordable,,,Verma,,0,WA,Sprint RSP2,2026-02-16
df5a602ae2b2,0,"Network is not working properly, data issue again and again",General Bad Service,,,Verma,,0,CT,Sprint RSP2,2026-02-16
394886863420,0,,,,,Verma,,0,WA,Sprint RSP2,2026-02-16
0c509f427d0e,0,,,,,Verma,,0,CT,Sprint RSP2,2026-02-16
c6dde9defbf8,9,Better signal good sarvice,General Good Service,,,Verma,,0,WA,Sprint RSP2,2026-02-16
f73796a8fc4c,10,Nice service,General Good Service,,,Verma,,0,WA,Sprint RSP2,2026-02-16
87091c576b31,1,,,,,Verma,,0,CT,Sprint RSP2,2026-02-16
3285b5b82b92,10,,,,,Verma,,0,CT,Sprint RSP2,2026-02-16
3ad095c17dd6,10,Mujhe wiom internet badhiya Laga,Affordable,,,Verma,,0,WA,Sprint RSP2,2026-02-16
7af88f9db276,5,,,,,Verma,,0,WA,Sprint RSP2,2026-02-16
599660464062,8,,,,,Verma,,0,CT,Sprint RSP2,2026-02-16
3aeb0dcc5a53,0,Baar baar wifi ka lambe samay k liye band ho jana,Frequent Disconnections,,,Verma,,0,CT,Sprint RSP2,2026-02-16
9f57e1c44590,10,Yes best wifi,General Good Service,,,Verma,,0,WA,Sprint RSP2,2026-02-16
e449074bc213,0,"Very low signal and high rate recharge, bad service and problem continously no extra benefits and coupons only 2 rs coupon",Expensive,General Bad Service,,Verma,,0,CT,Sprint RSP2,2026-02-16
a1687d90fe9d,10,,,,,Verma,,0,WA,Sprint RSP2,2026-02-16
678728023a24,0,,,,,Verma,,0,CT,Sprint RSP2,2026-02-16
4b08c3f2f91d,10,,,,,Verma,,0,CT,Sprint RSP2,2026-02-16
ebc636f6c8ad,0,Ghatiya net ha ak dam,General Bad Service,,,Verma,,0,CT,Sprint RSP2,2026-02-16
cf9989554f21,1,Net hi nhi chalta h jada tr udh jata h,Frequent Disconnections,,,Verma,,0,CT,Sprint RSP2,2026-02-16
2398f836a90d,10,Mast network hai,General Good Service,,,Verma,,0,WA,Sprint RSP2,2026-02-16
549697b7ec88,0,Bhut bekar service hai roz band kr dete hain bekr met hai company claim krti hai ki ham coustmer ko recharge mey discount mey bht bekar service hai,Frequent Disconnections,No/Late Complaint Resolution,,Verma,,0,WA,Sprint RSP2,2026-02-16
5441adbf47bc,10,,,,,Verma,,0,CT,Sprint RSP2,2026-02-16
a3f66f3dd8a9,5,,,,,Verma,,0,WA,Sprint RSP2,2026-02-16
115aeeb038d2,8,Kyuki Yeh Ek Toh Acche Dam Ke Sath Ata Hai Aur Internet Speed BHI Acchi Hai Middle Class Wyakti Bhi Afford Kr Skta Hai,Affordable,Good Speed,,Verma,,0,WA,Sprint RSP2,2026-02-16
3b97986e864a,0,Neet solw chalta hai,Slow Speed,,,Verma,,0,WA,Sprint RSP2,2026-02-16
697d4cb0b8c5,8,Internet kabhi kabhi bohot kharab chlta h warna 10/10 deta,Slow Speed,General Good Service,,Verma,,0,CT,Sprint RSP2,2026-02-16
c8f87de80169,0,,,,,Verma,,0,WA,Sprint RSP2,2026-02-16
72f2ae22dd33,1,H,,,,Verma,,0,WA,Sprint RSP2,2026-02-16
5cd8525f804e,10,Good facility,General Good Service,,,Verma,,0,WA,Sprint RSP2,2026-02-16
b29ec8d2beb1,0,Har din net chale jaata h chalta nahi achee se,Frequent Disconnections,,,Verma,,0,WA,Sprint RSP2,2026-02-16
e709bea61ad8,0,Net ki speed kabhi kabhi bahut kam ho jaati hai aur kuchh Kam nahin kar paate aur à¤•à¤­à¥€-à¤•à¤­à¥€ Wi-Fi aata hi nahin Hai à¤¦à¥‹-à¤¦à¥‹ à¤¤à¥€à¤¨-à¤¤à¥€à¤¨ din Ho jaate Hain,Slow Speed,,,Verma,,0,WA,Sprint RSP2,2026-02-16
4bcbcb7509fb,10,Gehun net ke charges bahut kam hai,Affordable,,,Verma,,0,WA,Sprint RSP2,2026-02-16
630178598ed0,8,Best network instant solution for every complaints.,Fast Complaint Resolution,,,Verma,,0,WA,Sprint RSP2,2026-02-16
edd3458b11e5,0,Kyuki speed nhi h,Slow Speed,,,Verma,,0,WA,Sprint RSP2,2026-02-16
c3db436405b5,9,,,,,Verma,,0,CT,Sprint RSP2,2026-02-16
412635fcc70e,10,,,,,Verma,,0,WA,Sprint RSP2,2026-02-16
5f59ed0ce3c6,8,Internet connection,,,,Verma,,0,WA,Sprint RSP2,2026-02-16
b2e8a6025b83,10,,,,,Verma,,0,CT,Sprint RSP2,2026-02-16
a9ad0dfc0311,5,Slow speed,Slow Speed,,,Verma,,0,CT,Sprint RSP2,2026-02-16
b051084910e3,0,Net hi nhi chalta h 2-2 3-3 din tak,Frequent Disconnections,,,Verma,,0,CT,Sprint RSP2,2026-02-16
53476cf821f8,10,,,,,Verma,,0,CT,Sprint RSP2,2026-02-16
4bf21b35bf67,5,“कभी-कभी नेट स्लो हो जाता है और नेट का रेट भी हाई है।,Expensive,Slow Speed,,Verma,,0,WA,Sprint RSP2,2026-02-16
e2656e7d3942,0,"Network issue, kabhi bhi Network band ho jata h speed nhi aati main bilkul satisfied nhi hu",Slow Speed,,,Verma,,0,WA,Sprint RSP2,2026-02-16
600283260212,10,Good work,General Good Service,,,Verma,,0,WA,Sprint RSP2,2026-02-16
1f1ad76929cf,0,Network sahi nahi hai,General Bad Service,,,Verma,,0,CT,Sprint RSP2,2026-02-16
81eec04462bc,0,Wiom ka net bhot slow working hai,Slow Speed,,,Verma,,0,WA,Sprint RSP2,2026-02-16
6f2d53493e12,10,Achi Sarvice and rechargeble facility,General Good Service,,,Verma,,0,CT,Sprint RSP2,2026-02-16
8505b85a31d3,0,Kbhi bhi apka network proper nhi rehta hai ..har dusre din network issue hota hai,Frequent Disconnections,,,Verma,,0,WA,Sprint RSP2,2026-02-16
aa504bf2b2d0,0,Bakwas h speed ni h or kabhi bhi band ho jata h range bhi kam h net slow chalne lagta h,Slow Speed,Range Issue,,Verma,,0,WA,Sprint RSP2,2026-02-16
29d10cb26dee,6,,,,,Verma,,0,WA,Sprint RSP2,2026-02-16
9b0977b6e429,5,Good,General Good Service,,,Verma,,0,WA,Sprint RSP2,2026-02-16
9cd76e9b8890,10,Iski service acchi hai,General Good Service,,,Verma,,0,WA,Sprint RSP2,2026-02-16
4bf35f402739,10,Network me problem nahi hai isliye,General Good Service,,,Verma,,0,WA,Sprint RSP2,2026-02-16
efcb09aedbe4,0,,,,,Verma,,0,CT,Sprint RSP2,2026-02-16
94ff741cb8ad,0,Bahut hi ghatiya net hai complaint karne ke bad Koi nahin sunta Hai,No/Late Complaint Resolution,Bad Customer Support - Call Centre ,,Verma,,0,WA,Sprint RSP2,2026-02-16
b7993bb065fc,6,,,,,Verma,,0,CT,Sprint RSP2,2026-02-16
4ada54ce118f,7,,,,,Verma,,0,WA,Sprint RSP2,2026-02-16
48e3cabc6f73,0,,,,,Verma,,0,CT,Sprint RSP2,2026-02-16
01937a2381ef,0,Network problem,General Bad Service,,,Verma,,0,WA,Sprint RSP2,2026-02-16
5f9f9beca257,10,Network is gud,General Good Service,,,Verma,,0,WA,Sprint RSP2,2026-02-16
cc8e15fec797,10,"Wyom is best 
  No extra charge
 .no diconect",Affordable,,,Verma,,0,WA,Sprint RSP2,2026-02-16
9aa38e7684e1,10,Achi Service hai or complent pr dhyan jaldi dete hai,General Good Service,,,Verma,,0,CT,Sprint RSP2,2026-02-16
2dd24e0e1b37,8,Kabhi kabhi internet chala jata hai,Frequent Disconnections,,,Verma,,0,WA,Sprint RSP2,2026-02-16
ade7bee0f4a2,0,,,,,Verma,,0,CT,Sprint RSP2,2026-02-16
5259095776b5,8,,,,,Verma,,0,CT,Sprint RSP2,2026-02-16
952d6b0d5d58,0,"Net bich bich me gayab hona our netflix je our app ki service nhi hona,",Frequent Disconnections,"OTT Request, No OTT complaint",,Verma,,0,WA,Sprint RSP2,2026-02-16
d171423f1853,10,Kaam paiso me WiFi aur koi charges nahi,Affordable,,,Verma,,0,WA,Sprint RSP2,2026-02-16
a8c8afc168f4,10,,,,,Verma,,0,WA,Sprint RSP2,2026-02-16
9b4a00c77aa3,10,,,,,Verma,,0,CT,Sprint RSP2,2026-02-16
0ee4c71f21a4,10,It's good,General Good Service,,,Verma,,0,WA,Sprint RSP2,2026-02-16
9c2d340bdce9,7,,,,,Verma,,0,CT,Sprint RSP2,2026-02-16
268b417708d7,0,,,,,Verma,,0,CT,Sprint RSP2,2026-02-16
0c55d89502b4,10,,,,,Verma,,0,CT,Sprint RSP2,2026-02-16
92027c938e0c,5,,,,,Verma,,0,CT,Sprint RSP2,2026-02-16
4126aae144e6,0,Aapka internet à¤¬à¤¾à¤°-à¤¬à¤¾à¤° kharab ho jata hai aur isko theek hone mein bahut jyada time lagta hai aur itna time vate karna hamare Bus mein nahin Hai aur kya pata unko bhi achcha Na Lage isliye Ham apni bejti nahin karvana chahte,No/Late Complaint Resolution,,,Verma,,0,WA,Sprint RSP2,2026-02-16
b89e4aff1ec8,10,Behtreen,General Good Service,,,Verma,,0,CT,Sprint RSP2,2026-02-16
0bebc2831b66,7,"Sab kuch thik h lekin kabhi kabhi network bohot slow aane lagta h . Tv , phone kuch kam nhi karta aur eesa sham aur raat ke time par zyada hota hai kabhi - kabhi.",Slow Speed,,,Verma,,0,CT,Sprint RSP2,2026-02-16
575159914886,0,#Internet goes down at any time,Frequent Disconnections,,,Verma,,0,WA,Sprint RSP2,2026-02-16
e3bebce80fa0,5,Wiom ke network aajkal kharab ho rahe hai kripya kar ke ise stable kare ðŸ™_x008f_ðŸ™_x008f_ðŸ™_x008f_,General Bad Service,,,Verma,,0,WA,Sprint RSP2,2026-02-16
c19540e80be2,7,Some time network issue without informing,General Bad Service,,,Verma,,0,WA,Sprint RSP2,2026-02-16
f090a3bf197d,10,,,,,Verma,,0,WA,Sprint RSP2,2026-02-16
d1c3b7187c51,9,,,,,Verma,,0,CT,Sprint RSP2,2026-02-16
b4ad38b73b49,0,Every week you need to complain,Frequent Disconnections,,,Verma,,0,WA,Sprint RSP2,2026-02-16
0f13c36d90f2,10,Kyuki sahi h or sasta bhi h ye to,Affordable,,,Verma,,0,CT,Sprint RSP2,2026-02-16
51de3565b236,6,Net slow chlta h raat m acha work ni krta,Slow Speed,,,Verma,,0,WA,Sprint RSP2,2026-02-16
73fb4fbac23b,0,,,,,Verma,,0,CT,Sprint RSP2,2026-02-16
d5a55b4960bd,0,kyu har mahine mujhe kai baar network ki samasyayon ka samna krna padta hai,General Bad Service,,,Verma,,0,WA,Sprint RSP2,2026-02-16
8212a644c874,10,Good net ðŸ›œ working and full help support,Good customer Support - call centre,,,Verma,,0,CT,Sprint RSP2,2026-02-16
e4838b80ef04,7,,,,,Verma,,0,CT,Sprint RSP2,2026-02-16
0c66325ab8ed,0,Complain per karyawahi nahi hoti,No/Late Complaint Resolution,,,Verma,,0,WA,Sprint RSP2,2026-02-16
9dc70ce6aedd,3,Speed bahut jyada slow rahti hai aur tecnician paise mangta hai,Slow Speed,,,Verma,,0,WA,Sprint RSP2,2026-02-16
54de5250f40e,5,,,,,Verma,,0,WA,Sprint RSP2,2026-02-16
41d50bbab934,0,Network problem jyadatar rahata hai à¤°à¥_x0081_à¤•-à¤°à¥_x0081_à¤• kar chalta hai,General Bad Service,,,Verma,,0,WA,Sprint RSP2,2026-02-16
fb698393870e,10,,,,,Verma,,0,WA,Sprint RSP2,2026-02-16
a04af720c229,10,Sabse sasta net or acha bhi,Affordable,,,Verma,,0,WA,Sprint RSP2,2026-02-16
6d7ad106447d,8,Achcha hai service bahut acchi hai,General Good Service,,,Verma,,0,WA,Sprint RSP2,2026-02-16
bcd54ffa4acc,7,Accah work kr rha hai,General Good Service,,,Verma,,0,WA,Sprint RSP2,2026-02-16
2bc6f737a01a,0,Network issue and net problem,General Bad Service,,,Verma,,0,WA,Sprint RSP2,2026-02-16
b6ec9ecae7bb,0,Range bahut km h kisi ko nhi khunga lagwane ke liye,Range Issue,,,Verma,,0,CT,Sprint RSP2,2026-02-16
556fdd056afe,10,,,,,Verma,,0,WA,Sprint RSP2,2026-02-16
866256f0a892,5,Rate is too expensive either than other service provider.,Expensive,,,Verma,,0,WA,Sprint RSP2,2026-02-16
ec9ee208b6d9,0,Kabhi net band ho jata hai ghanto ke liye,Frequent Disconnections,,,Verma,,0,WA,Sprint RSP2,2026-02-16
c1280fc62e37,0,Network problem,General Bad Service,,,Verma,,0,WA,Sprint RSP2,2026-02-16
fac1f10a2850,0,Service is not good,General Bad Service,,,Verma,,0,WA,Sprint RSP2,2026-02-16
5bb822600846,10,Very good exprice,General Good Service,,,Verma,,0,WA,Sprint RSP2,2026-02-16
8cc490ed02b4,8,"कभी-कभी नेट चला जाता है, इसलिए 8 दिए।",Frequent Disconnections,,,Verma,,0,CT,Sprint RSP2,2026-02-16
231542a87243,10,,,,,Verma,,0,WA,Sprint RSP2,2026-02-16
a64b73fc9493,6,,,,,Verma,,0,WA,Sprint RSP2,2026-02-16
78861e88c98a,0,I don't no,,,,Verma,,0,WA,Sprint RSP2,2026-02-16
4a8897469f6a,5,,,,,Verma,,0,CT,Sprint RSP2,2026-02-16
f9bd5c064abc,0,"NET SLOW SPEED,MAHINE ME 5/6DIN CHLTA NHI , SERVICE CENTRE CALL KIYA TECHNICIAN KA RUDE BEHAVIOUR,CALL NA UTHANA ,2DIN BAD THIK HUA ,PICHE LINE SE APNE AAP KESE CONNECTION CUT HO GYA MERA ,KOI BTAYE REACHARGE ABHI KIYA HAI MENE TAB BHI",Slow Speed,Bad Customer Support - Technician,,Verma,,0,WA,Sprint RSP2,2026-02-16
23d3c6519d92,9,,,,,Verma,,0,WA,Sprint RSP2,2026-02-16
860d1d0d9bdb,5,Kyu ki network me kabhi kabhi dikat ati he chalte chalte ruk jata he dusra koi aur plan nahi he isme,Frequent Disconnections,,,Verma,,0,WA,Sprint RSP2,2026-02-16
97fc6cd12bf0,10,मुझे कोई समस्या नहीं है।,General Good Service,,,Verma,,0,WA,Sprint RSP2,2026-02-16
22066939ab3b,1,Samasya ka samadhan nhi ho rha,No/Late Complaint Resolution,,,Verma,,0,WA,Sprint RSP2,2026-02-16
e48b02fb00c9,0,Net main bahot jada dikkat hain bahot slow hain bahot jada hi problem aayi rehti h kabhi kabhi to aisi dikkat aati rehti h pura pura din service band pad jati h,Slow Speed,,,Verma,,0,WA,Sprint RSP2,2026-02-16
59601e5b8d09,10,Wiom good ðŸ‘_x008d_ option,General Good Service,,,Verma,,0,WA,Sprint RSP2,2026-02-16
5b02b59c42be,10,Koi bhi person low budget me apna wifi lgwa sakta hai woh bhi apne manpasand plan ke sath...jaise uska budget 500â‚¹ hai toh wo person 50 MBps wala connection lagwa skta hai. Ye vajah mujhe sabse achhi lagi. Main Ek Salah dena chahta hu.. agar ap apna plan me 30MBps 449â‚¹ me start karenge toh or Log wiom ka fayda utha payenge..ðŸ˜Š Thankyou for giving me chance to talk to you.,Affordable,,,Verma,,0,CT,Sprint RSP2,2026-02-16
6e89ccda4217,10,Acha hai,General Good Service,,,Verma,,0,WA,Sprint RSP2,2026-02-16
ab137ba55d4c,10,,,,,Verma,,0,WA,Sprint RSP2,2026-02-16
6a03bd472bdd,2,,,,,Verma,,0,WA,Sprint RSP2,2026-02-16
95f79015448f,8,Good conactivte,General Good Service,,,Verma,,0,WA,Sprint RSP2,2026-02-16
8c692bd4c291,10,Better internet service at affordable price with high internet speed.,Affordable,,,Verma,,0,WA,Sprint RSP2,2026-02-16
555851c67f64,10,,,,,Verma,,0,CT,Sprint RSP2,2026-02-16
e53bb9d57471,0,,,,,Verma,,0,CT,Sprint RSP2,2026-02-16
ccd76d589ecb,10,,,,,Verma,,0,CT,Sprint RSP2,2026-02-16
077ecae0e999,5,Good,General Good Service,,,Verma,,0,WA,Sprint RSP2,2026-02-16
81d282874a4e,10,Acha ausasta,Affordable,,,Verma,,0,WA,Sprint RSP2,2026-02-16
9f33b2029bf2,10,yeh network ki speed sabse achhi ha,Good Speed,,,Verma,,0,WA,Sprint RSP2,2026-02-16
b711bc18907c,10,,,,,Verma,,0,WA,Sprint RSP2,2026-02-16
1c8f6072643d,0,App,Bad Application,,,Verma,,0,WA,Sprint RSP2,2026-02-16
9cf03aa40da3,10,Good network as my personal use,General Good Service,,,Verma,,0,WA,Sprint RSP2,2026-02-16
acf03481beb2,0,Apka network raat me slow hojata hai kabhi kbhi chlata bhi nhi hai bhot problem hoti hai isme,Slow Speed,,,Verma,,0,WA,Sprint RSP2,2026-02-16
3928cb17dc26,5,"Internet bar bar fluctuate ho jata hai mostly time internet down hi rehta h 3 members agr connect kre to 2 ka internet acha chalega but 1 ka bilkul bhi nahi chalta 
 
 Please is problem ko solve kre.",Frequent Disconnections,Slow Speed,,Verma,,0,WA,Sprint RSP2,2026-02-16
8f9c854d222d,6,,,,,Verma,,0,WA,Sprint RSP2,2026-02-16
a05a6890cdfb,10,,,,,Verma,,0,CT,Sprint RSP2,2026-02-16
d628fb566ad4,0,,,,,Verma,,0,CT,Sprint RSP2,2026-02-16
8170882a399d,5,Slow internet,Expensive,Slow Speed,,Verma,,0,CT,Sprint RSP2,2026-02-16
5ef12ce80ef2,6,,,,,Verma,,0,CT,Sprint RSP2,2026-02-16
10af3f2fb182,5,,,,,Verma,,0,CT,Sprint RSP2,2026-02-16
6c9a67e80a99,10,Net slow chal raha hai,Slow Speed,,,Verma,,0,WA,Sprint RSP2,2026-02-16
f9a84f25b62f,9,,,,,Verma,,0,CT,Sprint RSP2,2026-02-16
e34a0f1f583f,10,Theek hai,General Good Service,,,Verma,,0,WA,Sprint RSP2,2026-02-16
d31f4d63a7eb,0,Very poor service,General Bad Service,,,Verma,,0,CT,Sprint RSP2,2026-02-16
5ad0b8d24283,10,,,,,Verma,,0,CT,Sprint RSP2,2026-02-16
5a26f55ddf6d,0,Admin panel ka access hi nhi mila or jab wifi lag waya tha tab kaha tha ki jis no. Se connection he us no. Par aap kisi bhi wiom wifi ko connect karke net chala sakte ho poori delhi me kahi bhi lekin ab pese mangta he kisi wiom wifi se connect hone par,General Bad Service,,,Verma,,0,CT,Sprint RSP2,2026-02-16
07c38f5150c5,10,"Service kharab par sasta hai
 Is liye mera network 24 ghantey main 6 ghante kharab chalta hai",Affordable,,,Verma,,0,CT,Sprint RSP2,2026-02-16
f57f7ad2f1ab,10,Wiom net Best h,General Good Service,,,Verma,,0,WA,Sprint RSP2,2026-02-16
3b95491b9173,10,,,,,Verma,,0,CT,Sprint RSP2,2026-02-16
1a7f4d331b87,0,Aap ki service bhut issue karta hai aap ka lco bhut he acha support karta hai but aap log nahi,General Bad Service,Bad Customer Support - Call Centre ,,Verma,,0,CT,Sprint RSP2,2026-02-16
94c0f5921a22,10,Apka net acha he,General Good Service,,,Verma,,0,WA,Sprint RSP2,2026-02-16
756e15af041f,3,Net blinking and speed is too slow,Slow Speed,,,Verma,,0,WA,Sprint RSP2,2026-02-16
d4be01978f8a,0,,,,,Verma,,0,CT,Sprint RSP2,2026-02-16
34811358daf2,0,Bed service face no technical team instant short out problem more over lots of issues this net service provider,General Bad Service,No/Late Complaint Resolution,,Verma,,0,CT,Sprint RSP2,2026-02-16
95373fa0def8,0,Net nhi chlra bht bkr haii,General Bad Service,,,Verma,,0,WA,Sprint RSP2,2026-02-16
e81b642962be,10,Sabse jyada vajah yah Hai ki Main wom net hamen sabse jyada Bator lagta hai aur ham ISI ko use karna chahte hain,General Good Service,,,Verma,,0,WA,Sprint RSP2,2026-02-16
00d459f86b19,8,"Wiom ki service achchi hai.
 Lekin kabhi WiFi issue ho to behtar service k liye turant quick action le.taki jald se jald problem solve ho.",No/Late Complaint Resolution,,,Verma,,0,WA,Sprint RSP2,2026-02-16
9ad4d2b3ec73,5,,,,,Verma,,0,CT,Sprint RSP2,2026-02-16
329ab56b1b08,0,Ab service achi nhi hai hamesha problem hoti rhti hai,General Bad Service,,,Verma,,0,WA,Sprint RSP2,2026-02-16
33ac08d1da56,0,Bad net me usko hata duga is mahine me,General Bad Service,,,Verma,,0,WA,Sprint RSP2,2026-02-16
dd157fcd6614,0,Service bilkul bekar h apke,General Bad Service,,,Verma,,0,CT,Sprint RSP2,2026-02-16
090acdb84853,10,Wiom ki sarvice achcha hai,General Good Service,,,Verma,,0,WA,Sprint RSP2,2026-02-16
ce400f61eea1,3,Net slow chalta hai baar baar band bhi hotaa bill bhi nahi milta,Slow Speed,,,Verma,,0,WA,Sprint RSP2,2026-02-16
0b70e324aa7e,5,Wiom net chlta acha h or iska 100 mbps wala plan recharg bhi thik h pr kbhi kbhi speed achi nhi ati,Slow Speed,,,Verma,,0,WA,Sprint RSP2,2026-02-16
7fa2ae03c7e1,3,Raj Kumar Mishra,,,,Verma,,0,WA,Sprint RSP2,2026-02-16
e1d248e7bbfe,0,Your buffering speed is very slow,Slow Speed,,,Verma,,0,WA,Sprint RSP2,2026-02-16
7350c68fe19b,0,,,,,Verma,,0,CT,Sprint RSP2,2026-02-16
af6956bdbd85,0,,,,,Verma,,0,CT,Sprint RSP2,2026-02-16
e736f3bf7849,10,Your services is to good,General Good Service,,,Verma,,0,CT,Sprint RSP2,2026-02-16
3c9551cf8929,6,Speed slow ha,Slow Speed,,,Verma,,0,WA,Sprint RSP2,2026-02-16
e026ccffdb44,4,,,,,Verma,,0,CT,Sprint RSP2,2026-02-16
7163f140b0ae,10,Kyuki wiom ki survice best hai,General Good Service,,,Verma,,0,WA,Sprint RSP2,2026-02-16
0066cf912e90,10,Paisa vasul,Affordable,,,Verma,,0,WA,Sprint RSP2,2026-02-16
a1516a0ff7ff,5,Kabhi kam chalta hai,Frequent Disconnections,,,Verma,,0,WA,Sprint RSP2,2026-02-16
9e4412ca2037,0,Bekar net speed Or service,Slow Speed,,,Verma,,0,CT,Sprint RSP2,2026-02-16
a700cf360289,10,,,,,Verma,,0,CT,Sprint RSP2,2026-02-16
8a4cba271675,0,Apki service,General Bad Service,,,Verma,,0,WA,Sprint RSP2,2026-02-16
371819c403f3,10,Best sarves,General Good Service,,,Verma,,0,WA,Sprint RSP2,2026-02-16
350e82be1218,0,"“नेट की प्रॉपर कनेक्टिविटी नहीं है और नेट कभी भी डिस्कनेक्ट हो जाता है। सुबह के समय 2 घंटे नेट बंद रहता है, रेड लाइट रहती है।”",Frequent Disconnections,,,Verma,,0,WA,Sprint RSP2,2026-02-16
ee0bf946f772,2,Cost zyada h aur range acchi ni h net bhi sahi S ni chlta,Expensive,Range Issue,,Verma,,0,CT,Sprint RSP2,2026-02-16
bc08205a8b73,10,Badhiya connection hai,General Good Service,,,Verma,,0,CT,Sprint RSP2,2026-02-16
d5239887e5b9,5,,,,,Verma,,0,WA,Sprint RSP2,2026-02-16
d9a888fc7fcb,10,Kafi acha h problem hote ak dm problem thik ho jati hai,Fast Complaint Resolution,,,Verma,,0,WA,Sprint RSP2,2026-02-16
181af9b4fc07,0,"Bad service 
 Recharge issue 
 Plan expire before 2-3 days",General Bad Service,,,Verma,,0,CT,Sprint RSP2,2026-02-16
c48b8ffd88f0,0,,,,,Verma,,0,CT,Sprint RSP2,2026-02-16
dfd0ec3e41c2,1,,,,,Verma,,0,WA,Sprint RSP2,2026-02-16
4b14d8317a7f,10,"The internet works very well, you and I have a very good service.",General Good Service,,,Verma,,0,WA,Sprint RSP2,2026-02-16
fa5f89320b63,1,,,,,Verma,,0,CT,Sprint RSP2,2026-02-16
9ddaeea3a05a,10,Good,General Good Service,,,Verma,,0,WA,Sprint RSP2,2026-02-16
8ff4fbf7d925,3,,,,,Verma,,0,WA,Sprint RSP2,2026-02-16
235be7d14d8d,10,,,,,Verma,,0,WA,Sprint RSP2,2026-02-16
14edc57357f1,10,,,,,Verma,,0,CT,Sprint RSP2,2026-02-16
d699b8aec1f7,10,,,,,Verma,,0,CT,Sprint RSP2,2026-02-16
d6922bea83e1,0,Kyu ki wifi thik nhi chlta surver nhi ate,General Bad Service,,,Verma,,0,WA,Sprint RSP2,2026-02-16
2a30c99bd816,0,Some times Net are not work and slow speed,No/Late Complaint Resolution,,,Verma,,0,WA,Sprint RSP2,2026-02-16
bcd393493973,1,,,,,Verma,,0,CT,Sprint RSP2,2026-02-16
761439b875e5,0,Net kam chlta hai,General Bad Service,,,Verma,,0,WA,Sprint RSP2,2026-02-16
8574dcb9a360,0,Kai bar signal hi Nahin Aata Hai,Frequent Disconnections,,,Verma,,0,WA,Sprint RSP2,2026-02-16
6aa8ed89f450,0,Sometimes network issue and its longer.,General Bad Service,Good customer Support - call centre,,Verma,,0,CT,Sprint RSP2,2026-02-16
c0600859263b,0,बेकार,General Bad Service,,,Verma,,0,WA,Sprint RSP2,2026-02-16
3d30c1a2e343,0,Net proper chalta hi nahi 2-2 min me network issue aata rehta hai,General Bad Service,,,Verma,,0,WA,Sprint RSP2,2026-02-16
6d495a662dd9,10,Apka net kafi thik chalta h bar bar band nhi hota,General Good Service,,,Verma,,0,WA,Sprint RSP2,2026-02-16
c9808591f1b2,1,Net ka speed kam he aur net band karke chalu karo to vapas chalu karne me 30 mints lagate he,Slow Speed,,,Verma,,0,WA,Sprint RSP2,2026-02-16
c769761a2f3d,0,,,,,Verma,,0,CT,Sprint RSP2,2026-02-16
2b5887899b12,1,Kuch nhi,,,,Verma,,0,WA,Sprint RSP2,2026-02-16
3f5fff72d365,10,,,,,Verma,,0,WA,Sprint RSP2,2026-02-16
6a3c7c6bfa15,0,,,,,Verma,,0,CT,Sprint RSP2,2026-02-16
20dc4128ce3d,7,,,,,Verma,,0,CT,Sprint RSP2,2026-02-16
9f20fa50df3c,10,,,,,Verma,,0,CT,Sprint RSP2,2026-02-16
98f460aada1d,0,Unprofessional behaviour,Bad Partner/ Techinician Support,,,Verma,,0,WA,Sprint RSP2,2026-02-16
2b06ab26ec5d,10,Ok hai network thoda sa or update kre network issue ko toh aur behter ho sakta hai,General Good Service,,,Verma,,0,WA,Sprint RSP2,2026-02-16
74ba84e7281f,0,,,,,Verma,,0,WA,Sprint RSP2,2026-02-16
c882efcf7b5e,10,,,,,Verma,,0,CT,Sprint RSP2,2026-02-16
6df09784c4e7,10,,,,,Verma,,0,WA,Sprint RSP2,2026-02-16
4dd1555bb382,0,Office ke work,,,,Verma,,0,CT,Sprint RSP2,2026-02-16
c09ce0b65981,10,,,,,Verma,,0,WA,Sprint RSP2,2026-02-16
6172072220f8,10,Network and service is very good,General Good Service,,,Verma,,0,WA,Sprint RSP2,2026-02-16
cad49e43ca9d,10,,,,,Verma,,0,CT,Sprint RSP2,2026-02-16
9fb166a590f9,0,Iska net bahot khrab h 1 din me lagbhag 2 se 3 bar net chala jata h phir bar bar helpline number me call kro phir wifi band karo phir chalao yhi krte rho pure din khamkha poore mood ki aisi ki tesi ho jati h man mrta hai jo helpline number utha rha hai uski galiya du mger nhi deta phir khair chodo ab jyada nhi likh rha.,Frequent Disconnections,,,Verma,,0,WA,Sprint RSP2,2026-02-16
4ee8093655f1,0,Bhai yaar kya hai ye net to chalta nahi costomer Care ko call Karo oh bolta hai karwata hu fir v sahi se nahi chalta net very poor condition bas lagwa liya aage se nahi karwana sahi conection aur speed do tab sahi hoga,No/Late Complaint Resolution,Frequent Disconnections,,Verma,,0,WA,Sprint RSP2,2026-02-16
3bbfbff5ed74,10,Yah bahut acchi network provide karta hai aur hamen abhi tak koi bhi problem nahin I hai aur jo bhi problem Hoti Hai Ham contact karte Hain paanch minute mein solve Ho jaati Hai nice experience,Fast Complaint Resolution,,,Verma,,0,WA,Sprint RSP2,2026-02-16
1bc55fce4bf4,10,,,,,Verma,,0,CT,Sprint RSP2,2026-02-16
d15b2b485ee5,2,,,,,Verma,,0,WA,Sprint RSP2,2026-02-16
f2050672515f,0,Bahut bahut bekar,General Bad Service,,,Verma,,0,CT,Sprint RSP2,2026-02-16
03cdfb6f9952,0,Bich bich me wiom net bar bar band ho jata hai 575 me 28 din ka recharge hota hai and hame wiom net ki service bilkul bhi pasand nhi aaayi thanku,Expensive,Frequent Disconnections,,Verma,,0,WA,Sprint RSP2,2026-02-16
b2f97bc42846,10,Best,General Good Service,,,Verma,,0,CT,Sprint RSP2,2026-02-16
a72fa4bcf1a7,10,Very good service best ðŸ‘_x008d_ service,General Good Service,,,Verma,,0,CT,Sprint RSP2,2026-02-16
59fa4b27342d,10,Speed &service,Good Speed,,,Verma,,0,CT,Sprint RSP2,2026-02-16
ea0cfa09c1c6,10,,,,,Verma,,0,WA,Sprint RSP2,2026-02-16
1edbc15e2842,10,,,,,Verma,,0,CT,Sprint RSP2,2026-02-16
37b3f248667d,10,Achha chalta h,General Good Service,,,Verma,,0,WA,Sprint RSP2,2026-02-16
218b21d90762,10,Bahut badhiya chalta hai......,General Good Service,,,Verma,,0,WA,Sprint RSP2,2026-02-16
781fe2fed1a2,10,Yes,General Good Service,,,Verma,,0,CT,Sprint RSP2,2026-02-16
7d00c57e7af4,5,,,,,Verma,,0,WA,Sprint RSP2,2026-02-16
6c1436cc0ff8,10,,,,,Verma,,0,CT,Sprint RSP2,2026-02-16
42e52670c8c1,10,,,,,Verma,,0,CT,Sprint RSP2,2026-02-16
778d76cbdeb5,10,,,,,Verma,,0,CT,Sprint RSP2,2026-02-16
db0fe960fa3f,10,,,,,Verma,,0,CT,Sprint RSP2,2026-02-16
437cd950a65d,0,,,,,Verma,,0,CT,Sprint RSP2,2026-02-16
e9d5e3910789,0,Vyom wala to pahle batata hai ki aapke number se pure Delhi ke andar net free hai lekin yah galat baat hai mere Mein To Nahin chalta,General Bad Service,,,Verma,,0,WA,Sprint RSP2,2026-02-16
e15e6d54c56f,1,Network,General Bad Service,,,Verma,,0,WA,Sprint RSP2,2026-02-16
19ed4e65b121,10,Good service,General Good Service,,,Verma,,0,WA,Sprint RSP2,2026-02-16
e0e7b750eaa5,0,,,,,Verma,,0,CT,Sprint RSP2,2026-02-16
303b5005e226,0,Har din me kam se kam 3 ghante net nahi chalta hai,Frequent Disconnections,,,Verma,,0,WA,Sprint RSP2,2026-02-16
7a3c98dd42a3,10,Good service,General Good Service,,,Verma,,0,WA,Sprint RSP2,2026-02-16
d15870154961,10,,,,,Verma,,0,CT,Sprint RSP2,2026-02-16
877910381e87,10,,,,,Verma,,0,WA,Sprint RSP2,2026-02-16
ebbe195b98db,10,,,,,Verma,,0,WA,Sprint RSP2,2026-02-16
881e096c799a,0,No,,,,Verma,,0,WA,Sprint RSP2,2026-02-16
f3a42c3906d2,8,,,,,Verma,,0,WA,Sprint RSP2,2026-02-16
b61bcc0a30e7,10,,,,,Verma,,0,CT,Sprint RSP2,2026-02-16
52a0a686e607,10,,,,,Verma,,0,CT,Sprint RSP2,2026-02-16
f21c860bf93a,9,"Wiom without security charge ...
 Only chargeable wiom monthly fees",Affordable,,,Verma,,0,WA,Sprint RSP2,2026-02-16
550a6a0cfd0a,0,,,,,Verma,,0,CT,Sprint RSP2,2026-02-16
94b79d5afe98,0,All internet connection poor,General Bad Service,,,Verma,,0,CT,Sprint RSP2,2026-02-16
b4535491fb32,3,Bar bar dikkat ati hai net mei kabhi kabhi kuchh,General Bad Service,,,Verma,,0,CT,Sprint RSP2,2026-02-16
63d8004f09bf,0,Natvrk nhi aaty,General Bad Service,,,Verma,,0,WA,Sprint RSP2,2026-02-16
83fd82c4cac1,10,Nice network and connection,General Good Service,,,Verma,,0,WA,Sprint RSP2,2026-02-16
0bf423caceae,2,"Net Mein birthday, Kate aate Hain call Ali samasya hai.\nOr charges was the lagata",,,,Verma,,0,WA,Sprint RSP2,2026-02-16
beca65aa167f,0,,,,,Verma,,0,CT,Sprint RSP2,2026-02-16
f8c43ea59291,10,Behtar,General Good Service,,,Verma,,0,WA,Sprint RSP2,2026-02-16
e7d50ed9bb41,10,Good service,General Good Service,,,Verma,,0,WA,Sprint RSP2,2026-02-16
367fc0e3fcb3,8,,,,,Verma,,0,CT,Sprint RSP2,2026-02-16
bd27ba393fce,1,Charges high kr diye h ab duwara nhi lagva skte h phle price Kam the or ap double ho gye h very bad service you're giving.,Expensive,,,Verma,,0,WA,Sprint RSP2,2026-02-16
b47aca5d1f49,0,very bad service,General Bad Service,,,Verma,,0,WA,Sprint RSP2,2026-02-16
8f2891891d2b,10,,,,,Verma,,0,CT,Sprint RSP2,2026-02-16
8b803557512d,0,,,,,Verma,,0,CT,Sprint RSP2,2026-02-16
62e44290d905,10,Good speed,Good Speed,,,Verma,,0,WA,Sprint RSP2,2026-02-16
837a25ce0c16,0,"आपका नेट बहुत स्लो काम करता है और घर में कोई भी फोन नहीं आ पाते हैं और नेट सही से काम नहीं कर रहा है। बार-बार मैंने मैसेज भी किया है, कॉल भी किया है, फिर भी उचित कार्य नहीं हुआ।”",Slow Speed,No/Late Complaint Resolution,,Verma,,0,WA,Sprint RSP2,2026-02-16
b026aa7593dc,0,,,,,Verma,,0,WA,Sprint RSP2,2026-02-16
4be155b15fe9,4,“शाम को सही से नहीं चलता है।”,Frequent Disconnections,,,Verma,,0,WA,Sprint RSP2,2026-02-16
549d6a097527,8,Good,General Good Service,,,Verma,,0,WA,Sprint RSP2,2026-02-16
5fb9fcd9962f,10,,,,,Verma,,0,CT,Sprint RSP2,2026-02-16
a9413d4849b2,1,Nhi,,,,Verma,,0,WA,Sprint RSP2,2026-02-16
f110a36a6bed,0,Mahine ke 30 din me se to 10 din he apke network aate h baaki 20 din ka paise me extra he de rha hu aur uske badle me kuch milta bhi ni h to kyu he kise aur ko phasau me khud ye hatwana chata hu,Frequent Disconnections,,,Verma,,0,WA,Sprint RSP2,2026-02-16
3607a54be140,10,,,,,Verma,,0,CT,Sprint RSP2,2026-02-16
23de9fda76c0,0,Bad sarvice month m 5 din issue rehta h,Frequent Disconnections,,,Verma,,0,CT,Sprint RSP2,2026-02-16
c3aec2623929,5,Network connection error occurs repeatedly,General Bad Service,,,Verma,,0,WA,Sprint RSP2,2026-02-16
18121681e268,6,Thik hai,General Bad Service,,,Verma,,0,CT,Sprint RSP2,2026-02-16
a6777f6f4244,5,,,,,Verma,,0,CT,Sprint RSP2,2026-02-16
3c2e527cf256,0,Network nahi rahta hai,General Bad Service,,,Verma,,0,WA,Sprint RSP2,2026-02-16
d28ab8420834,10,,,,,Verma,,0,CT,Sprint RSP2,2026-02-16
bb81343b3230,10,,,,,Verma,,0,CT,Sprint RSP2,2026-02-16
cedc573daf97,10,,,,,Verma,,0,CT,Sprint RSP2,2026-02-16
5d27088f3297,0,"Because Hmare wifi mai daily problem aati hai daily complaint karni padti hai 
 It's very bad experience of wiom wifi",Frequent Disconnections,,,Verma,,0,WA,Sprint RSP2,2026-02-16
0f8160db90e5,2,"“नेट बहुत ज्यादा ही धीरे चलता है। 100 Mbps बोलकर Mbps की स्पीड भी नहीं चल रहा है।”
",Slow Speed,,,Verma,,0,WA,Sprint RSP2,2026-02-16
967e37150c54,10,Sabse Achcha network hai isliye Salah Denge,General Good Service,,,Verma,,0,WA,Sprint RSP2,2026-02-16
1c3d0c729bc7,10,Thik chalta h.,General Good Service,,,Verma,,0,WA,Sprint RSP2,2026-02-16
f40e28a8ae60,8,,,,,Verma,,0,CT,Sprint RSP2,2026-02-16
d6083c2f0685,10,,,,,Verma,,0,CT,Sprint RSP2,2026-02-16
1b5f409768c9,9,एकदम मस्त है Wiom नेट की सुविधा।,General Good Service,,,Verma,,0,WA,Sprint RSP2,2026-02-16
d6270d145533,10,Achi services h wiom ki 10 of 10,General Good Service,,,Verma,,0,CT,Sprint RSP2,2026-02-16
9cb50fc7d4ab,10,1 dikkat he,,,,Verma,,0,WA,Sprint RSP2,2026-02-16
f7265ee5efd5,0,,,,,Verma,,0,WA,Sprint RSP2,2026-02-16
ca5e1468c75e,10,,,,,Verma,,0,CT,Sprint RSP2,2026-02-16
a0ea5d94c212,2,Network issue,General Bad Service,,,Verma,,0,WA,Sprint RSP2,2026-02-16
69bcbabc46ec,10,Tik hai,General Good Service,,,Verma,,0,WA,Sprint RSP2,2026-02-16
c070b95c3ae8,4,Speed bhut slow hai net ki,Slow Speed,,,Verma,,0,WA,Sprint RSP2,2026-02-16
f7a99d24375b,2,Internet bahut solu hai,Slow Speed,,,Verma,,0,WA,Sprint RSP2,2026-02-16
921008cd4076,1,Bad net work,General Bad Service,,,Verma,,0,WA,Sprint RSP2,2026-02-16
0312ff4e9576,3,Net problem bhot ho rhi h,General Bad Service,,,Verma,,0,WA,Sprint RSP2,2026-02-16
e144237081a8,0,Wiom ka net achha nhi chalta hum bahut pareshan ho gaye h abhi bhi net nhi chal rha kisi ko message bhi nhi ja rha kisi ko message ya baat karni ho to bahar aana parta h,General Bad Service,,,Verma,,0,CT,Sprint RSP2,2026-02-16
11564e153ce5,10,"मेरी शिकायत यह है कि सुबह जब इंटरनेट चलता भी है, तो टीवी पर गोल-गोल घूमता रहता है और मोबाइल भी सही से नहीं चलता।
कृपया इसकी स्पीड 24 घंटे एक जैसी रखें, क्योंकि रात में स्पीड कम हो जाती है।",Bad Speed,,,Verma,,0,WA,Sprint RSP2,2026-02-16
e864d02b1a0e,5,,,,,Verma,,0,WA,Sprint RSP2,2026-02-16
f684746604f4,9,,,,,Verma,,0,CT,Sprint RSP2,2026-02-16
f8776c2979fe,5,,,,,Verma,,0,CT,Sprint RSP2,2026-02-16
8aad186066c2,0,Yes,,,,Verma,,0,WA,Sprint RSP2,2026-02-16
ca46ede57254,10,,,,,Verma,,0,CT,Sprint RSP2,2026-02-16
654aa925933c,10,Time to time,General Good Service,,,Verma,,0,WA,Sprint RSP2,2026-02-16
6c017300a76f,10,Speed slow,Good Speed,,,Verma,,0,WA,Sprint RSP2,2026-02-16
ed19e40a5c65,10,,,,,Verma,,0,CT,Sprint RSP2,2026-02-16
16bfa05a6265,1,Reat jeyada he Led Lane stumant nahi hai,Expensive,,,Verma,,0,WA,Sprint RSP2,2026-02-16
8790424b86dd,0,Slow speed,Slow Speed,,,Verma,,0,CT,Sprint RSP2,2026-02-16
2b2de6ba83fd,5,Apka wiom thik ha lakin bich ma rok jata ha ðŸ”´ rad light dikhata hai,Frequent Disconnections,,,Verma,,0,WA,Sprint RSP2,2026-02-16
eb78537cd594,7,Yes,General Good Service,,,Verma,,0,WA,Sprint RSP2,2026-02-16
2dd7c1eff7bc,10,,,,,Verma,,0,CT,Sprint RSP2,2026-02-16
88c61caacde4,1,Isliye kebye chalta he nhi h thik se mere paise bekar jate h or bht jyada mhenga recharge hota h,Expensive,,,Verma,,0,WA,Sprint RSP2,2026-02-16
9f90cc1dc929,10,Service or network acha hai,General Good Service,,,Verma,,0,WA,Sprint RSP2,2026-02-16
78703c40c486,5,Network speed and problem in every month.,Slow Speed,,,Verma,,0,WA,Sprint RSP2,2026-02-16
4fa0b2899ebe,0,"It's not working properly 
 I have bed experience for this wiom wifi ðŸ˜¡",General Bad Service,,,Verma,,0,WA,Sprint RSP2,2026-02-16
52b758ebdb4f,10,Network speed is good,General Good Service,,,Verma,,0,CT,Sprint RSP2,2026-02-16
73f3b2eb09b5,10,,,,,Verma,,0,WA,Sprint RSP2,2026-02-16
226d8329712d,10,,,,,Verma,,0,WA,Sprint RSP2,2026-02-16
acc13761644c,0,,,,,Verma,,0,WA,Sprint RSP2,2026-02-16
a2ed8625af21,10,,,,,Verma,,0,CT,Sprint RSP2,2026-02-16
01d8be332d2f,9,,,,,Verma,,0,CT,Sprint RSP2,2026-02-16
924fc8b8571c,7,,,,,Verma,,0,CT,Sprint RSP2,2026-02-16
9b6a1a07d298,0,Wajha ye hai ki aaye din wiom ki service thaap rehti hai net nhi chlta,General Bad Service,,,Verma,,0,WA,Sprint RSP2,2026-02-16
72735b53b2d7,10,Great net,General Good Service,,,Verma,,0,WA,Sprint RSP2,2026-02-16
9c4069abf4ab,10,"Speed , stability and low maintainance.",Good Speed,,,Verma,,0,WA,Sprint RSP2,2026-02-16
02a6c320e03a,0,,,,,Verma,,0,WA,Sprint RSP2,2026-02-16
9a8c0045fa13,1,,,,,Verma,,0,WA,Sprint RSP2,2026-02-16
9453f5226c69,10,Good service,General Good Service,,,Verma,,0,CT,Sprint RSP2,2026-02-16
13245ae8f9eb,10,,,,,Verma,,0,CT,Sprint RSP2,2026-02-16
1d9816569e6b,10,Best net,General Good Service,,,Verma,,0,WA,Sprint RSP2,2026-02-16
7c13799ec88e,10,,,,,Verma,,0,WA,Sprint RSP2,2026-02-16
4635ed003c3c,3,Speed achi nhi h,Slow Speed,,,Verma,,0,WA,Sprint RSP2,2026-02-16
a00d9bd5f563,0,Comunication,Bad Customer Support - Call Centre ,,,Verma,,0,WA,Sprint RSP2,2026-02-16
fb6d0c7c4f74,0,Kabhi bhi band ho jata hai aur FIR uske liye hamen intezar karna padta hai yadi padosi ka network Na Ho to Ham Bina phone ke rah jaen,No/Late Complaint Resolution,Frequent Disconnections,,Verma,,0,WA,Sprint RSP2,2026-02-16
e776df2b67df,10,,,,,Verma,,0,WA,Sprint RSP2,2026-02-16
d64af12f9329,0,Kyuki har dusre din iska internet chala jata ha or mujhe extra classes bhi attend karni padti ha,Frequent Disconnections,,,Verma,,0,WA,Sprint RSP2,2026-02-16
a6933558426e,8,Good speed for playing video,Good Speed,,,Verma,,0,CT,Sprint RSP2,2026-02-16
f4018ecc3268,8,,,,,Verma,,0,CT,Sprint RSP2,2026-02-16
d8c5abd9f846,0,Verry bad service,General Bad Service,,,Verma,,0,WA,Sprint RSP2,2026-02-16
09e570e16eea,10,,,,,Verma,,0,CT,Sprint RSP2,2026-02-16
efd2c6635b31,4,I have been shifted to faridabad now I have no ur connection plz it is impossible at my native place,Shifting not Feasible,,,Verma,,0,WA,Sprint RSP2,2026-02-16
76acdff7fff3,10,,,,,Verma,,0,WA,Sprint RSP2,2026-02-16
5d2650dbd9a8,0,Net capital nhi hai,,,,Verma,,0,WA,Sprint RSP2,2026-02-16
9b9093035c45,9,"Yash 
 
 
 
 
 
 
 YASH",,,,Verma,,0,CT,Sprint RSP2,2026-02-16
f07ca96153a3,0,Bakwaas hai chalta nhi h month me 10 din chalta hai,Frequent Disconnections,,,Verma,,0,WA,Sprint RSP2,2026-02-16
a9eb52d6c5d3,10,Good,General Good Service,,,Verma,,0,CT,Sprint RSP2,2026-02-16
80b75c88350d,10,Yes,General Good Service,,,Verma,,0,WA,Sprint RSP2,2026-02-16
e136f4ad5af4,10,,,,,Verma,,0,CT,Sprint RSP2,2026-02-16
2a689b4e39a1,0,Internet problam,General Bad Service,,,Verma,,0,CT,Sprint RSP2,2026-02-16
93bd4c6c2158,5,Thank hai,,,,Verma,,0,WA,Sprint RSP2,2026-02-16
5979067c1950,0,"Har 5 dino main to yeh band ho jata haiðŸ¤¦â€_x008d_â™‚ï¸_x008f_ Or jab company ko call kare to kehete hai koi ayega but 3,4 din baad koi ata hai. So this is Uessles",Frequent Disconnections,No/Late Complaint Resolution,,Verma,,0,WA,Sprint RSP2,2026-02-16
a719011bd3e7,10,,,,,Verma,,0,CT,Sprint RSP2,2026-02-16
a5a45abe2002,2,,,,,Verma,,0,CT,Sprint RSP2,2026-02-16
d1c59be74e55,6,,,,,Verma,,0,CT,Sprint RSP2,2026-02-16
bcf96afa55fb,3,"नेट तो बराबर चलता है, लेकिन हर महीने 2 दिन Wi-Fi बंद रहता है।
मैं हर महीने इसकी शिकायत करता हूँ।",Frequent Disconnections,,,Verma,,0,CT,Sprint RSP2,2026-02-16
9f68bf93e481,5,band ho jata he baar baar aaj bhi feb 21 ko 12am se band pada he its not good,Frequent Disconnections,,,Verma,,0,CT,Sprint RSP2,2026-02-16
41233739bd80,10,,,,,Verma,,0,CT,Sprint RSP2,2026-02-16
a63763d0c078,10,Fast service best price,Affordable,,,Verma,,0,CT,Sprint RSP2,2026-02-16
077d5acd728b,0,Network issue,General Bad Service,,,Verma,,0,WA,Sprint RSP2,2026-02-16
e3d90664e5f3,10,good service and fast internet speed but sometime server low ho jata hai too problem hoti hai,Good Speed,,,Verma,,0,WA,Sprint RSP2,2026-02-16
4e6cb357205c,0,Mahine mein 10 se 15 din net band ho jana,Frequent Disconnections,,,Verma,,0,CT,Sprint RSP2,2026-02-16
ea559863ce66,0,Aap ki marketing 0 hai or aap ka net bilkul fake hai mai kisi ko salah nhi donga ke viom ner lgawaye,General Bad Service,,,Verma,,0,WA,Sprint RSP2,2026-02-16
776544d77706,10,,,,,Verma,,0,CT,Sprint RSP2,2026-02-16
39fbdf76c0d1,10,Wiom net is very good and I have no complaints about it.,General Good Service,,,Verma,,0,CT,Sprint RSP2,2026-02-16
ebb7d9cdb7c9,4,,,,,Verma,,0,WA,Sprint RSP2,2026-02-16
1231e8615a8a,10,Aap hame ek mahine ka free recharge de dijiye,,,,Verma,,0,CT,Sprint RSP2,2026-02-16
3f8a9124ef1d,0,Net slow chalti bai,Slow Speed,,,Verma,,0,WA,Sprint RSP2,2026-02-16
9357f6d4a032,10,,,,,Verma,,0,CT,Sprint RSP2,2026-02-16
2afa3586d0f5,10,net accha chalt hai,General Good Service,,,Verma,,0,CT,Sprint RSP2,2026-02-16
2a9d0382ce69,5,Hotstar nhi aata h,"OTT Request, No OTT complaint",,,Verma,,0,WA,Sprint RSP2,2026-02-16
449b382cafa5,10,,,,,Verma,,0,CT,Sprint RSP2,2026-02-16
c088a35726a7,1,Acha chalta h,General Good Service,,,Verma,,0,WA,Sprint RSP2,2026-02-16
6e18cf17c8f1,10,Sarvesh acchi hai complaint karne per jaldi Samadhan ho jata hai,Fast Complaint Resolution,,,Verma,,0,CT,Sprint RSP2,2026-02-16
0008caac3063,10,Acha chlta h net,General Good Service,,,Verma,,0,WA,Sprint RSP2,2026-02-16
93942af14b59,0,,,,,Verma,,0,CT,Sprint RSP2,2026-02-16
6c4c6bb172a3,0,Speed achhi nahi hai aur bich bich me ruk jata hai net chalta nahi hai,Slow Speed,,,Verma,,0,WA,Sprint RSP2,2026-02-16
2c89e5f39bcf,10,,,,,Verma,,0,CT,Sprint RSP2,2026-02-16
3d40adc72ead,5,,,,,Verma,,0,WA,Sprint RSP2,2026-02-16
b525bafd6d08,0,,,,,Verma,,0,CT,Sprint RSP2,2026-02-16
8ab7f393c56e,0,Kabhi bhi internet band ho jata hai no internet connection problem,Frequent Disconnections,,,Verma,,0,WA,Sprint RSP2,2026-02-16
8e22218aa876,9,"Par kabhi kabhi network issue aata haa
 
 Maine 1 bar internet ke paise diye
 Aur 5 din bad mera internet band hoo gya 
 Ye acha tha raat ko 12 baje ke bad band huya aur jab ma subha utha toh sahi hoo gya thaa
 
 Baki din toh excellent 
 
 Overrall 9/10",Frequent Disconnections,General Good Service,,Verma,,0,WA,Sprint RSP2,2026-02-16
9fa0d237afb7,3,"अगर सिर्फ इंटरनेट के लिए लगाना हो तो लगा सकते हैं, जबकि दूसरी नेट सर्विस के खर्च में थोड़ा सा अंतर है और वह टीवी प्लेटफॉर्म के चैनल भी प्रोवाइड कर रही है, जो आपकी कंपनी में बिल्कुल भी नहीं है और कुछ OTT चैनल भी नहीं हैं।”","OTT Request, No OTT complaint",,,Verma,,0,WA,Sprint RSP2,2026-02-16
755950a4fd46,0,Network problem hone pr jaldi solution nhi hota,No/Late Complaint Resolution,,,Verma,,0,CT,Sprint RSP2,2026-02-16
1451c257e6e5,0,Hamara net nhi chalta h,General Bad Service,,,Verma,,0,WA,Sprint RSP2,2026-02-16
99716b6801aa,1,Signal problem ha,General Bad Service,,,Verma,,0,WA,Sprint RSP2,2026-02-16
930a254cd85b,4,Network speed kar dijiye sar,Slow Speed,,,Verma,,0,WA,Sprint RSP2,2026-02-16
6c2a604c9a55,7,,,,,Verma,,0,CT,Sprint RSP2,2026-02-16
d1ec8e7da140,0,Aapki service proper nahi mil rahi hai humko network ki bahut aati Hai aur Koi sunvaee nahin Hoti Maine ek do bar complaint Dali Kisi Ne mere complaint per Kam nahin Kiya,No/Late Complaint Resolution,Bad Customer Support - Call Centre ,,Verma,,0,WA,Sprint RSP2,2026-02-16
31f9b3ad3d7e,10,,,,,Verma,,0,WA,Sprint RSP2,2026-02-16
685b49d5115a,10,10 mujhe ye seva pasand hai,General Good Service,,,Verma,,0,CT,Sprint RSP2,2026-02-16
8b001e6f09ee,10,,,,,Verma,,0,WA,Sprint RSP2,2026-02-16
4db2cf90bc91,10,,,,,Verma,,0,CT,Sprint RSP2,2026-02-16
461d62412e17,10,Sasta or tikau,Affordable,,,Verma,,0,WA,Sprint RSP2,2026-02-16
22ee1248abe9,0,Low network evening time,General Bad Service,,,Verma,,0,WA,Sprint RSP2,2026-02-16
4caa2c0e1b46,8,V good s,General Good Service,,,Verma,,0,WA,Sprint RSP2,2026-02-16
58d016919575,2,,,,,Verma,,0,CT,Sprint RSP2,2026-02-16
167c479ca8fa,10,बेस्ट सर्विस और इंटरनेट।,General Good Service,,,Verma,,0,WA,Sprint RSP2,2026-02-16
d4cb38cfd260,10,,,,,Verma,,0,WA,Sprint RSP2,2026-02-16
bf3f8f27c5a1,0,,,,,Verma,,0,WA,Sprint RSP2,2026-02-16
3bc4b4d26893,0,,,,,Verma,,0,CT,Sprint RSP2,2026-02-16
6945f4993341,10,,,,,Verma,,0,CT,Sprint RSP2,2026-02-16
25cf77414e3f,10,,,,,Verma,,0,CT,Sprint RSP2,2026-02-16
4303f7b15278,0,Bakwas wifi always facing network problem,General Bad Service,,,Verma,,0,CT,Sprint RSP2,2026-02-16
4cdfd6bea536,0,Net nhi clta h,General Bad Service,,,Verma,,0,WA,Sprint RSP2,2026-02-16
848ecb34113c,0,,,,,Verma,,0,WA,Sprint RSP2,2026-02-16
515b4cf613ea,10,,,,,Verma,,0,CT,Sprint RSP2,2026-02-16
5749908cf23e,10,Very good internet,General Good Service,,,Verma,,0,WA,Sprint RSP2,2026-02-16
7038ceabb7ac,10,,,,,Verma,,0,WA,Sprint RSP2,2026-02-16
83d3a9544f2e,10,,,,,Verma,,0,CT,Sprint RSP2,2026-02-16
75daea3aceef,7,Ok,,,,Verma,,0,CT,Sprint RSP2,2026-02-16
963a299ad2bc,0,Net bahut showl h,Slow Speed,,,Verma,,0,WA,Sprint RSP2,2026-02-16
c24d0bc675a9,10,,,,,Verma,,0,CT,Sprint RSP2,2026-02-16
bbbae76c16e3,5,Kabhi kabhi chalta nahi hai,Frequent Disconnections,,,Verma,,0,WA,Sprint RSP2,2026-02-16
996a03c2556a,8,Badhiya chal rha bas kabhi kabhi Internet chala jata hai baki jitna mera use hai uske hisab se badhiya chal rha ha Validity 28 days ki jagah 30 days to do,General Good Service,28-Day Plan Issue,,Verma,,0,WA,Sprint RSP2,2026-02-16
8133543ad526,10,,,,,Verma,,0,CT,Sprint RSP2,2026-02-16
443f69682b45,3,,,,,Verma,,0,CT,Sprint RSP2,2026-02-16
9cc38b18ee48,0,,,,,Verma,,0,CT,Sprint RSP2,2026-02-16
ba53754539de,0,Recharge karne ka jo time hota hai use time se 1 Din pahle hi net band ho jata hai aur net ki speed bhi ekadam slow hai aapko is per Dhyan Dena chahie,General Bad Service,,,Verma,,0,CT,Sprint RSP2,2026-02-16
1c3898cd95a0,5,,,,,Verma,,0,WA,Sprint RSP2,2026-02-16
755049a904d1,9,,,,,Verma,,0,CT,Sprint RSP2,2026-02-16
2bb6cd7d9b06,10,,,,,Verma,,0,CT,Sprint RSP2,2026-02-16
1eb39720f4ff,0,Mujhe buhat dikkat ka samna karna pada,General Bad Service,,,Verma,,0,WA,Sprint RSP2,2026-02-16
d451c9baaee4,10,Nice service,General Good Service,,,Verma,,0,CT,Sprint RSP2,2026-02-16
8226228b4dad,7,,,,,Verma,,0,WA,Sprint RSP2,2026-02-16
8800d06fe661,10,,,,,Verma,,0,CT,Sprint RSP2,2026-02-16
4d56b0be1a48,2,“नेट अच्छे से नहीं चलता है।”,General Bad Service,,,Verma,,0,WA,Sprint RSP2,2026-02-16
aef4295e8588,0,Ruk ruk ke chal raha hai,Slow Speed,,,Verma,,0,CT,Sprint RSP2,2026-02-16
610baad4e299,0,Service is very bad,General Bad Service,,,Verma,,0,CT,Sprint RSP2,2026-02-16
c9b1f62cb9ac,6,Service Not active in my home place,General Bad Service,,,Verma,,0,WA,Sprint RSP2,2026-02-16
0407a13416e6,5,"Chalte chalte band ho jaata h net wiom 
 Walo se bt ya shikayat karne ke bad 10ya 20mint ke bad chalta h ðŸ™‚â€_x008d_â†•ï¸_x008f_
 Or yeh 5 nambar dene ki 
 Wajah ha pr wiom castomar cre achi h shikayat krne pe hi kam krne lag jati h 
 Yeh 5 castomar cre ko credit jata h mre taraf se ðŸ¥°",Frequent Disconnections,Good customer Support - call centre,,Verma,,0,WA,Sprint RSP2,2026-02-16
225300976303,8,Acchi speed aur network,General Good Service,,,Verma,,0,CT,Sprint RSP2,2026-02-16
c8b3ae6215e7,0,5 din ho gaye hai abhi tak mera hi sahi nahi hua hai,No/Late Complaint Resolution,,,Verma,,0,CT,Sprint RSP2,2026-02-16
f9ded5bd23b0,10,aapke nat bhot bhdiya h,General Good Service,,,Verma,,0,WA,Sprint RSP2,2026-02-16
620c86cfcbe7,10,Ji ham jarur daga,General Good Service,,,Verma,,0,WA,Sprint RSP2,2026-02-16
7f3b7627a54b,10,Very good,General Good Service,,,Verma,,0,CT,Sprint RSP2,2026-02-16
7512e3be6ae8,7,Bich bich me slow ho jata hai aur kabhi kabhi band bhi.speed aur connectivity improve hona chahiye,Slow Speed,,,Verma,,0,CT,Sprint RSP2,2026-02-16
506197b46091,10,,,,,Verma,,0,CT,Sprint RSP2,2026-02-16
cb0b56192048,0,Poor service,General Bad Service,,,Verma,,0,CT,Sprint RSP2,2026-02-16
cfc3ddaf8679,10,Good very good,General Good Service,,,Verma,,0,WA,Sprint RSP2,2026-02-16
d59d1918e8c4,0,Not satisfied,General Bad Service,,,Verma,,0,WA,Sprint RSP2,2026-02-16
1f84d8136fee,10,Bahut acah hai,General Good Service,,,Verma,,0,WA,Sprint RSP2,2026-02-16
dbb04d16c991,0,,,,,Verma,,0,WA,Sprint RSP2,2026-02-16
d7f980040a9a,10,Smooth access,General Good Service,,,Verma,,0,CT,Sprint RSP2,2026-02-16
6b6c90852ed4,8,Very nice service thanks,General Good Service,,,Verma,,0,WA,Sprint RSP2,2026-02-16
cc06ff38a52b,7,Net ruk ruk kar chalta hai,Slow Speed,,,Verma,,0,CT,Sprint RSP2,2026-02-16
284abd9495c8,0,,,,,Verma,,0,CT,Sprint RSP2,2026-02-16
cb0ffdcf2bd3,10,Good network affordable price,Affordable,,,Verma,,0,WA,Sprint RSP2,2026-02-16
fac4de7c4d68,0,Network issue,General Bad Service,,,Verma,,0,WA,Sprint RSP2,2026-02-16
5f64bb863cca,0,Tum log choro wali harkat karte ho resion 28 din ka recharge ka kya sambandh hai 2 din kya apni pichwade me batti bnake badte ho rhi dusro ko lagwane ki bat me har bar sabhi ko mna karta hu lagwane ke liye wo to mere ghar me ek chhota bhai hai ziddi hai is wajha se laga rakha hai nhi to me tumhare labour ko gali me bhatankne na du pese pure lete ho or recharge 28 din ka kya tum log apne employee ko puri salary de kar 28 din kam karate ho jisme 4 off alag se ho nhi na salo wiome walo jitna ho ske utni buri suggest hai tumhare liye or salo chor ho tum log chorr wiome chore badk..... Ye mera feed,28-Day Plan Issue,,,Verma,,0,WA,Sprint RSP2,2026-02-16
f45a734c7906,8,Affordability,Affordable,,,Verma,,0,WA,Sprint RSP2,2026-02-16
be49b86dd089,10,Good speed less bill,Affordable,,,Verma,,0,WA,Sprint RSP2,2026-02-16
666f374bc0e8,10,Payment kam hai,Affordable,,,Verma,,0,CT,Sprint RSP2,2026-02-16
5e17b6fbaa2e,7,Offordale hai mgr kabhi kabhi dhang se kam nhi krta,Affordable,,,Verma,,0,WA,Sprint RSP2,2026-02-16
8e1285427e75,1,Now installation cost is included total cost is 900,Expensive,,,Verma,,0,WA,Sprint RSP2,2026-02-16
1e985bddf624,0,"क्योंकि आपने जब से रेट बढ़ाए हैं, आपका नेट ₹500 में 50 Mbps स्पीड दे रहा है, वह भी 28 दिन के लिए। और लोकल नेट प्रोवाइडर ₹400 में 100 Mbps स्पीड दे रहा है, तो हम उसे क्यों न लगाएं?”",Expensive,,,Verma,,0,WA,Sprint RSP2,2026-02-16
967514614a80,10,My. Problem resolved quickly ðŸ™ŒðŸ™Œ,Fast Complaint Resolution,,,Verma,,0,WA,Sprint RSP2,2026-02-16
e591ca37d0ea,6,"Net ka barbar band ho jana.
 speed kam ana range kam hona.",Frequent Disconnections,Slow Speed,,Verma,,0,WA,Sprint RSP2,2026-02-16
f432d0456909,0,"“ज्यादातर समय नेट बंद रहता है, चलता ही नहीं।”",Frequent Disconnections,,,Verma,,0,WA,Sprint RSP2,2026-02-16
c874afa0afc2,0,1 mantha me 10 day chalta hay bas 20 day nat ka lrablam hota hay,Frequent Disconnections,,,Verma,,0,WA,Sprint RSP2,2026-02-16
836396b6f417,5,Disconnected frequently and restore on their own.,Frequent Disconnections,,,Verma,,0,WA,Sprint RSP2,2026-02-16
1dfe7fe19e92,0,Internet sahi se nahin chalta har dusre din complaint karni padati hai Main to Kisi Ko Salah nahin Dunga ki wiom lagvao,Frequent Disconnections,,,Verma,,0,WA,Sprint RSP2,2026-02-16
5fb3a76dc11f,0,Internet Seva acchi nahin hai aur complaint ke liye service bhi acchi nahin Hai,General Bad Service,Bad Customer Support - Call Centre ,,Verma,,0,WA,Sprint RSP2,2026-02-16
09ace0b245dc,0,Network range nd connectivity,General Bad Service,Range Issue,,Verma,,0,WA,Sprint RSP2,2026-02-16
c6038dc94f7a,5,Because wifi router is not stable working and face a many issues,General Bad Service,,,Verma,,0,WA,Sprint RSP2,2026-02-16
3d62ffedba47,0,Diss connectivity,General Bad Service,,,Verma,,0,CT,Sprint RSP2,2026-02-16
3ee96934c576,0,Kharab chalta hai,General Bad Service,,,Verma,,0,WA,Sprint RSP2,2026-02-16
69d5c1c00de1,3,Kyu iska network problem bohot hoti hai aur,General Bad Service,,,Verma,,0,CT,Sprint RSP2,2026-02-16
6f7cf288daad,0,Kyunki vyayam Ki Seva bahut kharab hai,General Bad Service,,,Verma,,0,WA,Sprint RSP2,2026-02-16
69e254f166c9,5,Network issue,General Bad Service,,,Verma,,0,WA,Sprint RSP2,2026-02-16
053d7a4da0c1,4,Network issues 4 g acche se ni chlta,General Bad Service,,,Verma,,0,WA,Sprint RSP2,2026-02-16
3a6883f5fe10,0,No good service Nahin rahata Hai,General Bad Service,,,Verma,,0,CT,Sprint RSP2,2026-02-16
726b9f0a62b1,1,Very Poor service,General Bad Service,,,Verma,,0,CT,Sprint RSP2,2026-02-16
0221331c503b,0,बहुत गंदा नेटवर्क सर्विस है। मैं तो किसी को भी नहीं बोलूँगा कि व्योम लगाओ। मैं तो कहूँगा कि अगर व्योम लगा है तो उसे निकलवा कर किसी और कंपनी का वाई-फाई नेटवर्क लगवाओ।”,General Bad Service,,,Verma,,0,WA,Sprint RSP2,2026-02-16
477c1a2d6b47,8,Network thik h bs router pr toda diyaan dijyee,General Bad Service,,,Verma,,0,WA,Sprint RSP2,2026-02-16
648cce9a0aad,10,Sahi nahin kam kar raha,General Bad Service,,,Verma,,0,WA,Sprint RSP2,2026-02-16
cb0511fd4bc6,5,“अच्छी सर्विस है।”,General Good Service,,,Verma,,0,WA,Sprint RSP2,2026-02-16
e3c05baa5de6,1,Ha denge salah,General Good Service,,,Verma,,0,WA,Sprint RSP2,2026-02-16
e536c8b75e38,8,Accha hai lekin kabhi kabhi disconnect ho jata hai apne aap,General Good Service,,,Verma,,0,WA,Sprint RSP2,2026-02-16
9a7c933fb7eb,9,Badiya net h aap ka,General Good Service,,,Verma,,0,WA,Sprint RSP2,2026-02-16
84a12c4adb89,10,Best,General Good Service,,,Verma,,0,WA,Sprint RSP2,2026-02-16
aff2826e15e4,10,Best internet provider in delhi ncr,General Good Service,,,Verma,,0,WA,Sprint RSP2,2026-02-16
f54729e6a2af,10,Bhout badiya chalta koi problem nahi hoti,General Good Service,,,Verma,,0,WA,Sprint RSP2,2026-02-16
2ff416f6c131,10,Good service,General Good Service,,,Verma,,0,WA,Sprint RSP2,2026-02-16
11096632e538,10,Ha bahot acca hae,General Good Service,,,Verma,,0,WA,Sprint RSP2,2026-02-16
1cda96ae8f60,10,Mujhe badiya laga,General Good Service,,,Verma,,0,WA,Sprint RSP2,2026-02-16
2a02e69ba711,10,Network badiya hai aur maine apne Auncle ko bhi bola hai ye wiom internet lagane ko vho bhi agle month se lagaiyege par ek problem hai ki wiom router main Ret light problem aajati hai es se pura maja khatam ho jata hai,General Good Service,,,Verma,,0,CT,Sprint RSP2,2026-02-16
284337350687,10,Nice,General Good Service,,,Verma,,0,WA,Sprint RSP2,2026-02-16
5c5b17c7e81a,10,Nice,General Good Service,,,Verma,,0,CT,Sprint RSP2,2026-02-16
2f596c1264b8,10,Ok hai,General Good Service,,,Verma,,0,WA,Sprint RSP2,2026-02-16
9b722fbbcad7,10,Sarvice best,General Good Service,,,Verma,,0,WA,Sprint RSP2,2026-02-16
9e0dfefd6b83,10,Theek thak,General Good Service,,,Verma,,0,CT,Sprint RSP2,2026-02-16
1c0a17cc189e,10,Wiom best sarvice,General Good Service,,,Verma,,0,WA,Sprint RSP2,2026-02-16
53cc61fa2583,10,Wiom is best,General Good Service,,,Verma,,0,WA,Sprint RSP2,2026-02-16
a7a9b9031d4b,10,"Ye accha chalta
 Ha",General Good Service,,,Verma,,0,CT,Sprint RSP2,2026-02-16
1297ff74a53e,0,“मेरा मन”,,,,Verma,,0,WA,Sprint RSP2,2026-02-16
e7c907458c0c,0,2 rupees ka coupan dena,,,,Verma,,0,WA,Sprint RSP2,2026-02-16
1491c671ddb4,1,Not working good now not working not out sound properly and wear white shirt and they are you doing big loan up to 75L h kya hua hai ya ni aye ye sab yhi Id like to know that I am looking,,,,Verma,,0,CT,Sprint RSP2,2026-02-16
30f85526b29d,2,Bar bar band hojaata hai jab koi important kaam hota hai tabhi band hojata hai service slow hai mera net kal se band hai 10 bar complain kri abhi tak chalu nhi hua ek mahine mai paisa pura lete hai lakin dikkat ke karan kam se kam 3-4 din toh band he rtha hai jitne din band rtha hai utna paisa refund hojana chaiye over all im not satisfied with service but jab bhi chalta hai toh speed theek ati hai,No/Late Complaint Resolution,Frequent Disconnections,,Verma,,0,WA,Sprint RSP2,2026-02-16
81ec792510ab,4,Range kam,Range Issue,,,Verma,,0,WA,Sprint RSP2,2026-02-16
76075fa815ea,2,Bahut Ruk Ruk Kar chalta hai koi sunbai nhi hai,Slow Speed,,,Verma,,0,WA,Sprint RSP2,2026-02-16
aa9d406d4c7d,0,Kyuki net accha nahi chalta aur baar bar ruk jata hai,Slow Speed,,,Verma,,0,WA,Sprint RSP2,2026-02-16
0a2b7776d629,6,"Reginabl hai, achcha hai par speed fluctuate hoti hai or net kabhi kabhi apne aap band hokar phir start hota hai",Slow Speed,,,Verma,,0,WA,Sprint RSP2,2026-02-16
467e0bcda6da,5,"Sorry we are not satisfied of technical issues, but complent service is good ðŸ’¯ no doubt ðŸ‘_x008d_",Slow Speed,,,Verma,,0,WA,Sprint RSP2,2026-02-16
154e1614234e,0,Wifi kabhi internet Rukta bhot hai,Slow Speed,,,Verma,,0,CT,Sprint RSP2,2026-02-16
0db01dd942d1,3,Wifi slow hai apka,Slow Speed,,,Verma,,0,WA,Sprint RSP2,2026-02-16
99963c44f160,8,Kuch Kuch speed kam hoti hai problem hoti hai speed kam hogi,Slow Speed,,,Verma,,0,WA,Sprint RSP2,2026-02-16
7b7470b87f44,2,,,,,Verma,,0,WA,Sprint RSP2,2026-02-16
b15c978215e1,0,,,,,Verma,,0,WA,Sprint RSP2,2026-02-16
1c4ff93d936b,10,,,,,Verma,,0,WA,Sprint RSP2,2026-02-16
0b9d0bbab81a,10,,,,,Verma,,0,WA,Sprint RSP2,2026-02-16
071480f19af9,10,,,,,Verma,,0,WA,Sprint RSP2,2026-02-16
bcf8c97f35b4,10,,,,,Verma,,0,WA,Sprint RSP2,2026-02-16
e2016bef9a6d,0,,,,,Verma,,0,WA,Sprint RSP2,2026-02-16
7dbfc77aa360,9,,,,,Verma,,0,WA,Sprint RSP2,2026-02-16
f88689b8f6c1,10,,,,,Verma,,0,WA,Sprint RSP2,2026-02-16
18d1539fa519,8,,,,,Verma,,0,WA,Sprint RSP2,2026-02-16
d2119b8b45bc,5,,,,,Verma,,0,WA,Sprint RSP2,2026-02-16
fe0e14d549a5,5,,,,,Verma,,0,WA,Sprint RSP2,2026-02-16
67a5f5d375fe,10,,,,,Verma,,0,WA,Sprint RSP2,2026-02-16
bd55b6c2e47a,10,,,,,Verma,,0,WA,Sprint RSP2,2026-02-16
f3eeadacef8c,10,,,,,Verma,,0,WA,Sprint RSP2,2026-02-16
f2cc1c17701a,10,,,,,Verma,,0,WA,Sprint RSP2,2026-02-16
0fc48c496f22,0,,,,,Verma,,0,CT,Sprint RSP2,2026-02-16
6397bd32f1ea,0,,,,,Verma,,0,CT,Sprint RSP2,2026-02-16
3b61ceb95a3d,9,,,,,Verma,,0,CT,Sprint RSP2,2026-02-16
d5aecd47668a,10,,,,,Verma,,0,CT,Sprint RSP2,2026-02-16
eb1e8243d0ec,10,,,,,Verma,,0,CT,Sprint RSP2,2026-02-16
ece66088407c,10,,,,,Verma,,0,CT,Sprint RSP2,2026-02-16
52451026842b,0,,,,,Verma,,0,CT,Sprint RSP2,2026-02-16
681f7b38e788,2,,,,,Verma,,0,CT,Sprint RSP2,2026-02-16
968d92c651f8,0,,,,,Verma,,0,CT,Sprint RSP2,2026-02-16
ba490694c83c,6,,,,,Verma,,0,CT,Sprint RSP2,2026-02-16
3af0dede7e3e,0,,,,,Verma,,0,CT,Sprint RSP2,2026-02-16
18fe9a10baa9,9,,,,,Verma,,0,CT,Sprint RSP2,2026-02-16
5fda7e4c1dac,0,,,,,Verma,,0,CT,Sprint RSP2,2026-02-16
0de146f520cd,10,,,,,Verma,,0,CT,Sprint RSP2,2026-02-16
1f02fbd3446d,10,,,,,Verma,,0,CT,Sprint RSP2,2026-02-16
e8d1c444a6ea,7,,,,,Verma,,0,CT,Sprint RSP2,2026-02-16
e3c25cec72ee,8,,,,,Verma,,0,CT,Sprint RSP2,2026-02-16
6655104a1646,2,,,,,Verma,,0,CT,Sprint RSP2,2026-02-16
3d70d7ebf599,6,,,,,Verma,,0,CT,Sprint RSP2,2026-02-16
d7f0e0f8301d,10,,,,,Verma,,0,CT,Sprint RSP2,2026-02-16
372fdb0e7688,9,,,,,Verma,,0,CT,Sprint RSP2,2026-02-16
9f6d15091098,5,,,,,Verma,,0,CT,Sprint RSP2,2026-02-16
c5a5bc2218ad,0,,,,,Verma,,0,CT,Sprint RSP2,2026-02-16
b65ffb4ee7ab,2,,,,,Verma,,0,CT,Sprint RSP2,2026-02-16
13edc02b3286,10,,,,,Verma,,0,CT,Sprint RSP2,2026-02-16
21d2ba9287a9,3,,,,,Verma,,0,CT,Sprint RSP2,2026-02-16
